Workbook

Sheet Ελλάδα
A1: Ημερομηνία | B1: Ώρα έναρξης | C1: Ώρα ελέγχου | D1: Ώρα κατάσβεσης | E1: Πυρκαγιά / Περιοχή | F1: Περιφέρεια | G1: Νομός | H1: Δήμος | I1: Πυροσβέστες | J1: Οχήματα | K1: Αεροσκάφη | L1: Ελικόπτερα | M1: Επίγειες ομάδες | N1: Δήμοι/Περιφέρειες | O1: Εθελοντές | P1: Καμμένη έκταση (ha) | Q1: Κίνδυνος (1-5) | R1: Κατηγορία κινδύνου | S1: Κατάσταση | T1: Αιτία | U1: 112 (Εκκ./Προειδ.) | V1: Πηγές | W1: Σημειώσεις | X1: Ενημερώθηκε | Y1: _μήνας | Z1: _έκταση0 | AA1: _επιλ
A2: 46288 | B2: 11:30 | E2: Δίστρατο Κόνιτσας | F2: Ήπειρος | G2: Ιωαννίνων | H2: Κόνιτσα | I2: 10 | J2: 1 | K2: 0 | L2: 1 | M2: 1 ομάδα πεζοπόρου (5ης ΕΜΟΔΕ) | P2: <10 ha | Q2: 1 | R2: ΧΑΜΗΛΗ | S2: σε εξέλιξη | T2: κεραυνός | V2: https://www.in.gr/2026/09/23/greece/fotia-sto-distrato-konitsas-sikothike-elikoptero/ ; https://www.newsbeast.gr/greece/arthro/13376247/fotia-se-dasiki-ektasi-sto-distrato-konitsas ; https://www.eleftherostypos.gr/ellada/fotia-tora-stin-distrato-konitsas-epicheirei-ena-elikoptero ; https://www.documentonews.gr/article/fotia-tora-stin-konitsa-sti-machi-tis-katasvesis-kai-elikoptero/ | W2: Ξεχωριστό περιστατικό από τη φωτιά Βασιλίτσας (22/9) — διαφορετική τοποθεσία, διαφορετική ημέρα. Δύσβατο/δυσπρόσιτο σημείο, αδυναμία πρόσβασης οχημάτων. Μαρτυρίες κατοίκων: κεραυνός (ασταθής ατμόσφαιρα Πίνδου). | ⚠ pyr_postfix 2026-09-23: έκταση μη δημοσιευμένη· η κλίμακα απόκρισης (≤25 πυροσβέστες, ≤4 εναέρια, ≤12 οχήματα) αποκλείει μεγάλο συμβάν. Το «<10 ha» είναι ΣΥΜΠΕΡΑΣΜΑ, όχι μέτρηση, και δεν προσμετράται στα αθροίσματα. | X2: 2026-09-23 | Y2: 9 | Z2: 0 | AA2: =IF('Στατιστικά'!$C$6,1,IFERROR(INDEX('Στατιστικά'!$C$10:$C$83,MATCH(G2,'Στατιστικά'!$B$10:$B$83,0))*1,0)) -> 1
A3: 46287 | B3: 12:50 | E3: Μαυροβούνι Κορωπίου (Υμηττός) | F3: Αττικής | G3: Αττικής | H3: Κορωπί | J3: 4 | K3: 0 | L3: 0 | Q3: 2 | R3: ΜΕΣΗ | T3: κεραυνός | V3: https://www.mononews.gr/society/fotia-apo-keravno-sto-mavrovouni-koropiou-stous-propodes-tou-ymittou ; https://pressing.gr/ellada/keravnoi-prokaloun-pyrkagies-apo-tin-kerkyra-os-ton-ymitto-synagermos-se-kanoni-kai-koropi/ ; https://www.newsbomb.gr/ellada/story/1765140/keraynoi-prokaloyn-pyrkagies-apo-tin-kerkyra-eos-ton-ymitto-synagermos-se-kanoni-kai-koropi ; https://voicenews.gr/pyrkagia-se-dasiki-ektasi-ston-ymitto-meta-apo-ptosi-keravnou/ ; https://www.naftemporiki.gr/society/2164966/fotia-tora-apo-kerayno-sto-mayrovoyni-koropioy-stoys-propodes-toy-ymittoy/ ; https://www.flash.gr/ymittos-fotia-se-dasiki-ektasi-meta-apo-ptosi-keraynoy-1082417 ; https://www.eleftherostypos.gr/ellada/fotia-tora-stous-propodes-tou-ymittou-keravnos-chtypise-sto-mavrovouni-koropiou ; https://www.documentonews.gr/article/fotia-tora-sto-koropi-apo-keravno-se-dasiki-ektasi-sti-thesi-mavrovouni/amp/ | W3: Πτώση κεραυνού λίγο πριν 13:00· πρόποδες Υμηττού, δύσβατη έκταση· βροχή κατά την επιχείρηση· μέρος κύματος κεραυνοπτώσεων 22/9 από Κόνιτσα έως Υμηττό | Δασική έκταση στους πρόποδες Υμηττού. Πτώση κεραυνού εν μέσω καταιγίδας. Δύσβατο σημείο, βροχή. Ισχυρές επίγειες δυνάμεις Πυροσβεστικής (αριθμός δεν αναφέρεται). | X3: 2026-09-23 | Y3: 9 | Z3: 0 | AA3: =IF('Στατιστικά'!$C$6,1,IFERROR(INDEX('Στατιστικά'!$C$10:$C$83,MATCH(G3,'Στατιστικά'!$B$10:$B$83,0))*1,0)) -> 1
A4: 46287 | B4: 00:30 | E4: Γυαλός Αθανίου | F4: Ιόνιοι Νήσοι | G4: Λευκάδας | H4: Λευκάδα | K4: 0 | L4: 0 | Q4: 2 | R4: ΜΕΣΗ | V4: https://www.tanea.gr/2026/09/23/greece/agonia-sti-leykada-metamesonyktia-pyrkagia-se-dasiki-perioxi-ston-gyalo/ ; https://www.inewsgr.com/27/agonia-sti-lefkada--metamesonyktia-pyrkagia-se-dasiki-periochi-ston-gyalo.htm ; https://athlosnews.gr/1056105/agonia-sti-lefkada-pyrkagia-meta-ta-mesanychta-se-dasiki-periochi-ston-gyalo/ | W4: Μεταμεσονύχτια πυρκαγιά (λίγο μετά τα μεσάνυχτα Τρίτης 22/9). Ισχυροί άνεμοι. Πρώτες δυνάμεις από Κονταράινα ~00:30. Δεν εντοπίστηκαν στοιχεία 112 ή τελική κατάσταση. | X4: 2026-09-23 | Y4: 9 | Z4: 0 | AA4: =IF('Στατιστικά'!$C$6,1,IFERROR(INDEX('Στατιστικά'!$C$10:$C$83,MATCH(G4,'Στατιστικά'!$B$10:$B$83,0))*1,0)) -> 1
A5: 46287 | B5: 00:30 | E5: Γυαλός Λευκάδας (Αθάνιο) | F5: Ιονίων Νήσων | G5: Λευκάδος | H5: Λευκάδα | Q5: 2 | R5: ΜΕΣΗ | V5: https://www.tanea.gr/2026/09/23/greece/agonia-sti-leykada-metamesonyktia-pyrkagia-se-dasiki-perioxi-ston-gyalo/ | W5: Εκδηλώθηκε λίγο μετά τα μεσάνυχτα 21→22/9· δασική περιοχή πάνω από Γυαλό περιοχής Αθανίου· κάτοικοι επιχείρησαν αρχικά με κλαδιά· πυρ/στές από Κοντάραινα και πόλη Λευκάδας· δυνατοί άνεμοι στην περιοχή | ⚠ pyr_postfix 2026-09-23: διπλοεγγραφή του ίδιου συμβάντος· η έκταση δεν προσμετράται (_έκταση0=0). Φέρουσα εγγραφή: γραμμή 4. | X5: 2026-09-23 | Y5: 9 | Z5: 0 | AA5: =IF('Στατιστικά'!$C$6,1,IFERROR(INDEX('Στατιστικά'!$C$10:$C$83,MATCH(G5,'Στατιστικά'!$B$10:$B$83,0))*1,0)) -> 1
A6: 46287 | E6: Βασιλίτσα Κόνιτσας | F6: Ηπείρου | G6: Ιωαννίνων | H6: Κόνιτσα | I6: 10 | J6: 1 | K6: 1 | L6: 1 | M6: 1 ομάδα πεζοπόρων 5ης ΕΜΟΔΕ | P6: <10 ha | Q6: 2 | R6: ΜΕΣΗ | S6: σε εξέλιξη | T6: κεραυνός | V6: https://www.cnn.gr/ellada/story/553523/fotia-se-dasiki-perioxi-stin-vasilitsa-konitsas-sikothike-aeroskafos ; https://www.protothema.gr/greece/article/1882783/fotia-stin-vasilitsa-konitsas-sikothike-1-elikoptero/ ; https://www.firefightingreece.gr/2026/09/22/pyrkagia-se-dasiki-ektasi-sti-vasilitsa-konitsas-epicheiroun-10-pyrosvestes-kai-1-elikoptero/ ; https://www.tanea.gr/2026/09/22/greece/fotia-sti-vasilitsa-konitsas-sikothike-ena-elikoptero/ ; https://voicenews.gr/fotia-se-dysvati-dasiki-ektasi-sti-vasilitsa-konitsas-apo-ptosi-keravnou/ ; https://thepressproject.gr/fotia-xespase-se-dasiki-ektasi-sti-vasilitsa-konitsas/ ; https://www.madata.gr/epikairotita/social/981522-fotia-sti-vasilitsa-konitsas-se-exelixi-i-epicheirisi-katasvesis-me-epigeies-kai-enaeries-dynameis.html ; https://pressing.gr/ellada/fotia-se-dasiki-ektasi-sti-vasilitsa-konitsas/ | W6: Δύσβατη-απρόσιτη έκταση· αδύνατη πρόσβαση πυροσβεστικών οχημάτων· αιτία πτώση κεραυνού (στο πλαίσιο καταιγίδας 22/9)· ξεχωριστή φωτιά από Τραπεζίτσα αν και ίδιος Δήμος | Δύσβατο/δυσπρόσιτο σημείο. Αέρια μέσα: tanea αναφέρει ελικόπτερο, CNN.gr αναφέρει αεροσκάφος — πιθανώς το ίδιο μέσο, ασαφής ορολογία. Αίτιο κεραυνός (συμφραζόμενα ίδιας ημέρας με κεραυνική δραστηριότητα). | ⚠ pyr_postfix 2026-09-23: έκταση μη δημοσιευμένη· η κλίμακα απόκρισης (≤25 πυροσβέστες, ≤4 εναέρια, ≤12 οχήματα) αποκλείει μεγάλο συμβάν. Το «<10 ha» είναι ΣΥΜΠΕΡΑΣΜΑ, όχι μέτρηση, και δεν προσμετράται στα αθροίσματα. | X6: 2026-09-23 | Y6: 9 | Z6: 0 | AA6: =IF('Στατιστικά'!$C$6,1,IFERROR(INDEX('Στατιστικά'!$C$10:$C$83,MATCH(G6,'Στατιστικά'!$B$10:$B$83,0))*1,0)) -> 1
A7: 46287 | E7: Μαυροβούνι-Λακίζα | F7: Αττική | G7: Αττικής | H7: Κρωπίας | Q7: 2 | R7: ΜΕΣΗ | S7: σε εξέλιξη | T7: κεραυνός | V7: https://www.paraskhnio.gr/2026/09/22/koropi-fotia-ston-ymitto-meta-apo-ptosi-keravnou/ ; https://www.irafina.gr/koropi-fotia-apo-keravno-sto-mavrovouni/ ; https://www.patrisnews.com/keraynoi-prokaloyn-pyrkagies-apo-tin-kerkyra-os-ton-ymitto-synagermos-se-kanoni-kai-koropi/ ; https://www.newsbomb.gr/ellada/story/1765140/keravnoi-prokaloyn-pyrkagies-apo-tin-kerkyra-eos-ton-ymitto-synagermos-se-kanoni-kai-koropi | W7: Δασική έκταση στις πλαγιές Υμηττού. Δύσβατο έδαφος + βροχή δυσχέραναν επιχειρήσεις. Μέρος ευρύτερης κεραυνικής δραστηριότητας 22/09 (>25.000 κεραυνοί πανελλαδικά). Αμιγώς δασική/φυσική περιοχή. | X7: 2026-09-23 | Y7: 9 | Z7: 0 | AA7: =IF('Στατιστικά'!$C$6,1,IFERROR(INDEX('Στατιστικά'!$C$10:$C$83,MATCH(G7,'Στατιστικά'!$B$10:$B$83,0))*1,0)) -> 1
A8: 46286 | B8: 19:00 | E8: Κοτσύλια Υλίκης | F8: Στερεά Ελλάδα | G8: Βοιωτίας | I8: 26 | J8: 9 | K8: 0 | L8: 1 | M8: 1 ομάδα πεζοπόρου (4ης ΕΜΟΔΕ) | Q8: 2 | R8: ΜΕΣΗ | S8: υπό μερικό έλεγχο | T8: ύποπτο | V8: https://www.kanaliena.gr/voiotia-ypo-meriko-elegcho-i-fotia-konta-sti-limni-yliki/ ; https://www.policenet.gr/article/pyrkagia-se-agrotodasiki-ektasi-konta-sti-limni-yliki ; https://www.skaikritis.gr/fotia-sti-voiotia-synagermos-konta-sti-limni-yliki-sikothike-elikoptero/ | W8: Αγροτοδασική έκταση κοντά στη λίμνη Υλίκη. Αρσονιστική ανάκριση από ομάδα Φθιώτιδας. | X8: 2026-09-23 | Y8: 9 | Z8: 0 | AA8: =IF('Στατιστικά'!$C$6,1,IFERROR(INDEX('Στατιστικά'!$C$10:$C$83,MATCH(G8,'Στατιστικά'!$B$10:$B$83,0))*1,0)) -> 1
A9: 46286 | B9: 14:45 | E9: Στρυμονικό Σερρών | F9: Κεντρικής Μακεδονίας | G9: Σερρών | H9: Ηράκλεια | I9: 52 | J9: 17 | K9: 2 | L9: 2 | M9: 2 ομάδες πεζοπόρων 2ης ΕΜΟΔΕ | N9: υδροφόρες Δήμου Ηράκλειας | P9: 20 | Q9: 2 | R9: ΜΕΣΗ | S9: κατασβέστηκε | T9: υπό έρευνα (πιθανός εμπρησμός) | V9: https://www.cnn.gr/ellada/story/553348/dasiki-pyrkagia-sto-strymoniko-serron-epixeiroyn-dyo-elikoptera ; https://www.newsbomb.gr/ellada/story/1764899/fotia-se-dasiki-ektasi-sto-strymoniko-serron-epixeiroyn-dyo-elikoptera ; https://www.naftemporiki.gr/society/2164526/serres-fotia-kai-pali-sto-strymoniko/ ; https://debater.gr/ellada/fotia-sto-strymoniko-serron-kaiei-dasiki-ektasi/ ; https://voicenews.gr/pyrkagia-se-dasiki-ektasi-sto-strymoniko-serron/ ; https://www.thestival.gr/eidiseis/astynomika/choris-energo-metopo-i-fotia-se-dasiki-e-3/ ; https://www.newsbomb.gr/ellada/story/1764552/serres-mia-syllipsi-gia-ti-fotia-sto-strymoniko ; https://www.dimocracy.gr/epikairotita/fotia-sto-strymoniko-serron-synelifthi-odigos-vytioforou/ | W9: Χωρίς ενεργό μέτωπο ~17:18· δεύτερη φωτιά στο ίδιο σημείο σε λίγες ημέρες· παρακολούθηση ΕΣΚΕΔΙΚ με drones θερμικής/οπτικής απεικόνισης· έρευνα Ανακριτικού Κλιμακίου Εμπρησμού Σερρών | X9: 2026-09-23 | Y9: 9 | Z9: 20 | AA9: =IF('Στατιστικά'!$C$6,1,IFERROR(INDEX('Στατιστικά'!$C$10:$C$83,MATCH(G9,'Στατιστικά'!$B$10:$B$83,0))*1,0)) -> 1
A10: 46285 | B10: 18:00 | E10: Λουτράκι Αλμωπίας | F10: Κεντρική Μακεδονία | G10: Πέλλης | H10: Αλμωπίας | I10: 16 | J10: 2 | L10: 3 | M10: 2 ορειβατικές ομάδες 2ης ΕΜΟΔΕ | N10: Δήμος Αλμωπίας (υδροφόρες) | P10: <10 ha | Q10: 2 | R10: ΜΕΣΗ | S10: σε εξέλιξη | T10: κεραυνοί | V10: https://www.tanea.gr/2026/09/20/greece/pella-pyrkagia-se-dysprositi-dasiki-ektasi-epixeiroun-3-elikoptera/ ; https://www.newsit.gr/ellada/fotia-stin-pella-stin-perioxi-loutraki-kinitopoiithikan-16-pyrosvestes/4779155/ ; https://www.newsbomb.gr/ellada/story/1764687/pyrkagia-stin-pella-kaiei-se-dysprositi-dasiki-perioxi-epixeiroyn-kai-3-elikoptera | W10: Δυσπρόσιτη/δύσβατη δασική περιοχή — αδύνατη πρόσβαση πυροσβεστικών οχημάτων. Αποκλειστικά ελικόπτερα για αεροπυρόσβεση. Αιτία: έντονη κεραυνική δραστηριότητα 20/09. | ⚠ pyr_postfix 2026-09-23: έκταση μη δημοσιευμένη· η κλίμακα απόκρισης (≤25 πυροσβέστες, ≤4 εναέρια, ≤12 οχήματα) αποκλείει μεγάλο συμβάν. Το «<10 ha» είναι ΣΥΜΠΕΡΑΣΜΑ, όχι μέτρηση, και δεν προσμετράται στα αθροίσματα. | X10: 2026-09-23 | Y10: 9 | Z10: 0 | AA10: =IF('Στατιστικά'!$C$6,1,IFERROR(INDEX('Στατιστικά'!$C$10:$C$83,MATCH(G10,'Στατιστικά'!$B$10:$B$83,0))*1,0)) -> 1
A11: 46285 | B11: 14:30 | E11: Χώνος Σητείας | F11: Κρήτη | G11: Λασιθίου | H11: Σητεία | I11: 105 | J11: 35 | K11: 0 | L11: 2 | M11: 5 ομάδες πεζοπόρου (3ης & 19ης ΕΜΟΔΕ) | N11: Δήμος Σητείας (βυτιοφόρα) | Q11: 3 | R11: ΥΨΗΛΗ | S11: οριοθετήθηκε | U11: 20/9 ~17:00 εκκένωση Καρυδίου → Ζάκρος· ~20:27 ετοιμότητα Ζάκρος/Κλισίδι/Αδράβαστοι/Αζωκέραμο/Κελλαριά· ~23:30 εκκένωση Κελλαριά/Αδράβαστη/Αζώκεραμος → Παλαίκαστρο· ~23:35 εκκένωση Ζάκρος → Ξερόκαμπο | V11: https://www.liberal.gr/ellada/fotia-ston-hono-lasithioy-112-gia-etoimotita-se-polles-periohes-kai-ekkenosi-sto-karydi ; https://www.larissanet.gr/2026/09/20/fotia-sto-lasithi-stin-periochi-chonos-neo-112-gia-etoimotita-se-pente-choria-kai-gia-ekkenosi-sto-karydi-vinteo/ ; https://www.newsit.gr/ellada/fotia-sto-lasithi-stin-perioxi-xonos-nea-112-gia-ekkenosi-pros-kserokampo-kai-palaikastro-vinteo/4779200/ ; https://www.ertnews.gr/perifereiakoi-stathmoi/mainetai-i-fotia-sto-lasithi-neo-112-gia-ekkenosi-pros-kserokampo/ ; https://www.in.gr/2026/09/21/greece/kriti-xoris-energo-metopo-i-fotia-ston-xono-lasithiou/ ; https://www.madata.gr/epikairotita/social/981031-fotia-sti-siteia-minyma-toy-112-gia-ekkenosi-toy-karydioy-pros-zakro.html ; https://www.tanea.gr/2026/09/20/greece/fotia-sto-lasithi-112-gia-ekkenosi-tis-perioxis-karydi-sti-maxi-kai-enaeria-mesa-video ; https://www.iefimerida.gr/ellada/se-exelixi-i-megali-fotia-sti-siteia-neo-minyma-apo-112-gia-ekkenosi ; https://www.in.gr/2026/09/20/greece/olonyxtia-maxi-me-ti-fotia-sti-siteia-neo-minyma-apo-to-112-gia-ekkenosi/ ; https://www.alt.gr/lasithi-choris-energo-metopo-i-pyrkagia/ ; https://www.rizospastis.gr/story.do?id=13419120 | W11: Ολονύχτια μάχη. 4 σήματα 112 για εκκένωση/ετοιμότητα 6 οικισμών. Πρωί 21/9 χωρίς ενεργό μέτωπο. Ενισχύθηκαν δυνάμεις διαρκώς κατά τη νύχτα (αρχική κινητοποίηση: 46 πυροσβέστες, 15 οχήματα, 3 ελικόπτερα). | X11: 2026-09-23 | Y11: 9 | Z11: 0 | AA11: =IF('Στατιστικά'!$C$6,1,IFERROR(INDEX('Στατιστικά'!$C$10:$C$83,MATCH(G11,'Στατιστικά'!$B$10:$B$83,0))*1,0)) -> 1
A12: 46282 | B12: 13:20 | E12: Παλαμάς | F12: Θεσσαλία | G12: Καρδίτσης | H12: Παλαμά | I12: 25 | J12: 7 | K12: 4 | L12: 1 | M12: 1 ορειβατική ομάδα 10ης ΕΜΟΔΕ | Q12: 2 | R12: ΜΕΣΗ | V12: https://www.skai.gr/news/greece/pyrkagia-se-xamili-vlastisi-ston-palama-karditsas-epixeiroun-4-enaeria ; https://www.efsyn.gr/ellada/1469093/fotia-ston-palama-karditsas-epiheiroyn-tessera-aeroskafi/ ; https://www.lamiareport.gr/topika/topikanea/item/pyrkagia-stin-karditsa-epixeiroun-enaeria-mesa-ston-dimo-palama/ | W12: Χαμηλή βλάστηση (όχι αμιγώς δασική). Σημαντική αεροπυρόσβεση παρά τον χαμηλό κίνδυνο. Πυροσβεστική ενημερώθηκε ~13:20. | X12: 2026-09-23 | Y12: 9 | Z12: 0 | AA12: =IF('Στατιστικά'!$C$6,1,IFERROR(INDEX('Στατιστικά'!$C$10:$C$83,MATCH(G12,'Στατιστικά'!$B$10:$B$83,0))*1,0)) -> 1
A13: 46281 | B13: 10:45 | E13: Παραδείσι | F13: Στερεά Ελλάδα | G13: Εύβοιας | H13: Καρύστου | I13: 36 | J13: 9 | K13: 2 | L13: 2 | M13: 1 ορειβατική ομάδα 20ης ΕΜΟΔΕ | N13: Δήμος Καρύστου (υδροφόρες) | Q13: 3 | R13: ΥΨΗΛΗ | S13: οριοθετήθηκε | T13: υπό διερεύνηση | U13: 112: ετοιμότητα κατοίκων Παραδείσι — ακολουθήστε οδηγίες αρχών (16/09 ~10:45) | V13: https://www.ertnews.gr/eidiseis/eyvoia-xoris-energo-metopo-i-pyrkagia-se-dasiki-ektasi-stin-perioxi-paradeisi-ixise-to-112/ ; https://www.emakedonia.gr/synagermos-stin-eyvoia-kaigetai-dasiki-ektasi-sto-paradeisi-ischyri-paroysia-enaerion-meson ; https://ecozen.gr/2026/09/pyrkagia-se-dasiki-ektasi-sto-paradeisi-evvoias-epicheiroun-epigeia-kai-enaeria-mesa/ ; https://www.newsbeast.gr/greece/arthro/13359934/fotia-tora-sto-paradeisi-evvoias-minyma-tou-112 | W13: Χωρίς ενεργό μέτωπο (ertnews). Κατηγορία κινδύνου 3 (ertnews). Χάρτης 16/09 επισημαίνει αυξημένο κίνδυνο σε περιοχές με πτώση κεραυνών. | X13: 2026-09-23 | Y13: 9 | Z13: 0 | AA13: =IF('Στατιστικά'!$C$6,1,IFERROR(INDEX('Στατιστικά'!$C$10:$C$83,MATCH(G13,'Στατιστικά'!$B$10:$B$83,0))*1,0)) -> 1
A14: 46281 | E14: Ξύγκια | F14: Ιόνιοι Νήσοι | G14: Ζακύνθου | H14: Ζακύνθου | I14: 31 | J14: 10 | K14: 6 | M14: 1 ορειβατική ομάδα 17ης ΕΜΟΔΕ | N14: τοπικές υδροφόρες | O14: εθελοντές | Q14: 2 | R14: ΜΕΣΗ | S14: υπό έλεγχο | V14: https://www.ertnews.gr/perifereiakoi-stathmoi/zakinthos/zakynthos-pyrkagia-se-dasiki-ektasi-sta-ksygkia/ | W14: Απόγευμα 16/09 (ενημέρωση 17:17). Δασική έκταση — δεν απειλήθηκαν κατοικημένες περιοχές. 6 αεροσκάφη (fixed-wing). | X14: 2026-09-23 | Y14: 9 | Z14: 0 | AA14: =IF('Στατιστικά'!$C$6,1,IFERROR(INDEX('Στατιστικά'!$C$10:$C$83,MATCH(G14,'Στατιστικά'!$B$10:$B$83,0))*1,0)) -> 1
A15: 46279 | E15: Ανατολή | F15: Θεσσαλία | G15: Λαρίσης | K15: 5 | M15: επίγειες δυνάμεις | Q15: 2 | R15: ΜΕΣΗ | V15: https://www.ekathimerini.com/news/1315214/wildfires-hit-forests-in-northern-greece-despite-lower-risk/ | W15: 5 αεροσκάφη ρίψης νερού. Χωρίς αναφορές ζημιών. Ώρα info: 16:16 EEST (ekathimerini). | X15: 2026-09-23 | Y15: 9 | Z15: 0 | AA15: =IF('Στατιστικά'!$C$6,1,IFERROR(INDEX('Στατιστικά'!$C$10:$C$83,MATCH(G15,'Στατιστικά'!$B$10:$B$83,0))*1,0)) -> 1
A16: 46279 | E16: Ελάνη | F16: Κεντρική Μακεδονία | G16: Χαλκιδικής | K16: 7 | M16: επίγειες δυνάμεις | Q16: 2 | R16: ΜΕΣΗ | V16: https://www.ekathimerini.com/news/1315214/wildfires-hit-forests-in-northern-greece-despite-lower-risk/ | W16: 7 εναέρια μέσα (αεροσκάφη+ελικόπτερα, διάκριση άγνωστη). Χωρίς αναφορές ζημιών σε ιδιοκτησίες ή τραυματισμών. Πυρκαγιά παρά τον ηπιότερο κίνδυνο της ημέρας (ekathimerini). | X16: 2026-09-23 | Y16: 9 | Z16: 0 | AA16: =IF('Στατιστικά'!$C$6,1,IFERROR(INDEX('Στατιστικά'!$C$10:$C$83,MATCH(G16,'Στατιστικά'!$B$10:$B$83,0))*1,0)) -> 1
A17: 46277 | B17: 13:30 | E17: Στρουμπούλα-Λευκά | F17: Νότιο Αιγαίο | G17: Κυκλάδων | H17: Πάρου | I17: 17 | J17: 5 | K17: 4 | L17: 2 | N17: Δήμος Πάρου (υδροφόρες, μηχάνημα έργου) | O17: ΔΕΥΑΠ | Q17: 3 | R17: ΥΨΗΛΗ | S17: υπό έλεγχο | T17: ανάφλεξη τετράτροχου οχήματος | V17: https://www.cnn.gr/ellada/story/552104/oriothetithike-i-fotia-stin-paro-se-epifylaki-gia-anazopyroseis | W17: 10 πυροσβέστες από Πάρο + 7 από Σύρο. Υπό πλήρη έλεγχο — επιφυλακή για αναζωπυρώσεις. Χαμηλή βλάστηση γύρω από τετράτροχο που τυλίχθηκε φλόγες. | X17: 2026-09-23 | Y17: 9 | Z17: 0 | AA17: =IF('Στατιστικά'!$C$6,1,IFERROR(INDEX('Στατιστικά'!$C$10:$C$83,MATCH(G17,'Στατιστικά'!$B$10:$B$83,0))*1,0)) -> 1
A18: 46273 | B18: 07:00 | E18: Ευκαρπία Θεσσαλονίκης | F18: Κεντρική Μακεδονία | G18: Θεσσαλονίκης | H18: Παύλος Μελάς | I18: 10 | J18: 4 | P18: <10 ha | Q18: 3 | R18: ΥΨΗΛΗ | S18: οριοθετήθηκε | V18: https://www.ertnews.gr/video/thessaloniki-oriothetithike-i-fotia-pou-ksespase-stin-eykarpia/ ; https://www.naftemporiki.gr/society/1971170/thessaloniki-oriothetithike-i-pyrkagia-stin-eykarpia-se-exelixi-fotia-se-chorta-sti-thermi/ ; https://www.emakedonia.gr/thessaloniki-pyrkagia-se-xira-chorta-konta-stin-eykarpia-sto-simeio-i-pyrosvestiki ; https://cretaone.gr/thessaloniki-synagermos-gia-fotia-se-xera-chorta/ | W18: Φωτιά σε ξερά χόρτα κοντά σε ΤΙΤΑΝ. Γρήγορη οριοθέτηση. Υλικές ζημιές σε όχημα. 112 δεν επιβεβαιώθηκε για αυτό το συγκεκριμένο συμβάν 08-09. | ⚠ pyr_postfix 2026-09-23: έκταση μη δημοσιευμένη· η κλίμακα απόκρισης (≤25 πυροσβέστες, ≤4 εναέρια, ≤12 οχήματα) αποκλείει μεγάλο συμβάν. Το «<10 ha» είναι ΣΥΜΠΕΡΑΣΜΑ, όχι μέτρηση, και δεν προσμετράται στα αθροίσματα. | X18: 2026-09-08 | Y18: 9 | Z18: 0 | AA18: =IF('Στατιστικά'!$C$6,1,IFERROR(INDEX('Στατιστικά'!$C$10:$C$83,MATCH(G18,'Στατιστικά'!$B$10:$B$83,0))*1,0)) -> 1
A19: 46273 | E19: Πανασός | F19: Κρήτη | G19: Ηρακλείου | I19: 35 | J19: 10 | Q19: 4 | R19: ΠΟΛΥ ΥΨΗΛΗ | S19: υπό έλεγχο | V19: https://www.newsbomb.gr/ellada/story/1761801/foties-olonyxtia-i-maxi-ton-pyrosveston-sta-pyrina-metopa-red-code-simera-se-polles-perioxes | W19: Εκδηλώθηκε τη νύχτα 7/8 Σεπ. Τέθηκε γρήγορα υπό έλεγχο. | X19: 2026-09-08 | Y19: 9 | Z19: 0 | AA19: =IF('Στατιστικά'!$C$6,1,IFERROR(INDEX('Στατιστικά'!$C$10:$C$83,MATCH(G19,'Στατιστικά'!$B$10:$B$83,0))*1,0)) -> 1
A20: 46273 | E20: Πλάτη Τριφυλίας | F20: Πελοπόννησος | G20: Μεσσηνίας | H20: Τριφυλίας | I20: 16 | J20: 8 | P20: 1 | Q20: 3 | R20: ΥΨΗΛΗ | S20: οριοθετήθηκε | V20: https://www.ertnews.gr/perifereiakoi-stathmoi/kalamata/messinia-ypo-elegxo-pyrkagia-stin-plati-trifylias-kaikan-peripou-10-stremmata/ ; https://www.enikos.gr/society/fotia-sti-messinia-oriothetithike-amesa-apo-tin-pyrosvestiki/2640596/ | W20: Αγροτοδασική έκταση. 10 στρέμματα = 1 ha. Γρήγορη επέμβαση απέτρεψε μεγαλύτερη εξάπλωση. | X20: 2026-09-08 | Y20: 9 | Z20: 1 | AA20: =IF('Στατιστικά'!$C$6,1,IFERROR(INDEX('Στατιστικά'!$C$10:$C$83,MATCH(G20,'Στατιστικά'!$B$10:$B$83,0))*1,0)) -> 1
A21: 46273 | E21: Πλατύ Μεσσηνίας | F21: Πελοπόννησος | G21: Μεσσηνίας | H21: Μεσσήνη | I21: 16 | J21: 8 | P21: <10 ha | Q21: 4 | R21: ΠΟΛΥ ΥΨΗΛΗ | S21: σε εξέλιξη | V21: https://www.protothema.gr/greece/article/1875412/fotia-se-agrotodasiki-ektasi-sto-plati-messinias/ ; https://www.cnn.gr/ellada/story/551323/fotia-se-agrotodasiki-ektasi-sto-plati-messinias ; https://www.documentonews.gr/article/fotia-tora-sto-plati-messinias/ ; https://www.athensvoice.gr/epikairotita/ellada/984156/fotia-tora-sto-plati-messinias/ | W21: Αγροτοδασική έκταση. Πρωινή εκδήλωση. Κατηγορία κινδύνου 4 (ΠΟΛΥ ΥΨΗΛΗ) για Πελοπόννησο / Μεσσηνία 08-09. | ⚠ pyr_postfix 2026-09-23: έκταση μη δημοσιευμένη· η κλίμακα απόκρισης (≤25 πυροσβέστες, ≤4 εναέρια, ≤12 οχήματα) αποκλείει μεγάλο συμβάν. Το «<10 ha» είναι ΣΥΜΠΕΡΑΣΜΑ, όχι μέτρηση, και δεν προσμετράται στα αθροίσματα. | X21: 2026-09-08 | Y21: 9 | Z21: 0 | AA21: =IF('Στατιστικά'!$C$6,1,IFERROR(INDEX('Στατιστικά'!$C$10:$C$83,MATCH(G21,'Στατιστικά'!$B$10:$B$83,0))*1,0)) -> 1
A22: 46272 | B22: 21:15 | E22: Ασπροκκλησιά Καλαμπάκας | F22: Θεσσαλία | G22: Τρικάλων | H22: Καλαμπάκα | I22: 20 | J22: 7 | M22: 1 πεζοπόρος ομάδα 10ης ΕΜΟΔΕ | N22: υδροφόρες Δήμου Καλαμπάκας | P22: <10 ha | Q22: 3 | R22: ΥΨΗΛΗ | S22: σε εξέλιξη | V22: https://www.karditsalive.net/eidiseis/thessalia/trikala/%CE%B4%CE%B1%CF%83%CE%B9%CE%BA%CE%AE-%CF%80%CF%85%CF%81%CE%BA%CE%B1%CE%B3%CE%B9%CE%AC-%CF%83%CF%84%CE%B7%CE%BD-%CE%B1%CF%83%CF%80%CF%81%CE%BF%CE%BA%CE%BA%CE%BB%CE%B7%CF%83%CE%B9%CE%AC-%CE%BA%CE%B1%CE%BB%CE%B1%CE%BC%CF%80%CE%AC%CE%BA%CE%B1%CF%82,-%CE%BE%CE%AD%CF%83%CF%80%CE%B1%CF%83%CE%B5-%CF%84%CE%BF-%CE%B2%CF%81%CE%AC%CE%B4%CF%85-%CF%84%CE%B7%CF%82-%CE%B4%CE%B5%CF%85%CF%84%CE%AD%CF%81%CE%B1%CF%82-7-9 ; https://www.cnn.gr/ellada/story/551315/fotia-stin-asprokklisia-kalampakas-kinitopoiithikan-epigeies-pyrosvestikes-dynameis ; https://www.enikos.gr/society/fotia-se-dasiki-ektasi-stin-kalabaka-megali-kinitopoiisi-tis-pyrosvestikis/2640485/ ; https://www.naftemporiki.gr/society/2158624/pyrkagia-se-dasiki-ektasi-stin-asprokklisia-kalampakas/ ; https://www.in.gr/2026/09/07/greece/fotia-stin-asprokklisia-kalampakas ; https://www.newsbomb.gr/ellada/story/1761801/foties-olonyxtia-i-maxi-ton-pyrosveston-sta-pyrina-metopa-red-code-simera-se-polles-perioxes | W22: Ξέσπασε βράδυ Δευτέρας 7/9, ~21:15. Κινητοποίηση μόνο επίγειων δυνάμεων. Αεροπλάνα δεν αναφέρθηκαν (νυκτερινή επιχείρηση). | Ξέσπασε βράδυ 7/9. Στις 8/9 επιχειρούσαν ακόμα 20 πυρ. με 7 οχήματα. | ⚠ pyr_postfix 2026-09-23: έκταση μη δημοσιευμένη· η κλίμακα απόκρισης (≤25 πυροσβέστες, ≤4 εναέρια, ≤12 οχήματα) αποκλείει μεγάλο συμβάν. Το «<10 ha» είναι ΣΥΜΠΕΡΑΣΜΑ, όχι μέτρηση, και δεν προσμετράται στα αθροίσματα. | X22: 2026-09-08 | Y22: 9 | Z22: 0 | AA22: =IF('Στατιστικά'!$C$6,1,IFERROR(INDEX('Στατιστικά'!$C$10:$C$83,MATCH(G22,'Στατιστικά'!$B$10:$B$83,0))*1,0)) -> 1
A23: 46272 | B23: 15:30 | E23: Βρυζέικα Αλεξανδρούπολης | F23: Ανατολική Μακεδονία και Θράκη | G23: Έβρου | H23: Αλεξανδρούπολης | I23: 36 | J23: 14 | K23: 4 | L23: 1 | M23: 16 τμήματα πεζοπόρων 2ης & 21ης ΕΜΟΔΕ | N23: Δήμος Αλεξανδρούπολης (υδροφόρες), Περιφέρεια, Στρατός | Q23: 3 | R23: ΥΨΗΛΗ | S23: υπό έλεγχο | V23: https://www.ertnews.gr/perifereiakoi-stathmoi/orestiada/aleksandroupoli-fotia-stin-perioxi-vryzeika/ ; https://www.naftemporiki.gr/society/2158382/alexandroypoli-pyrkagia-konta-stin-egnatia-odo/ ; https://www.newsbomb.gr/ellada/story/1761687/fotia-tora-se-dasos-stin-aleksandroypoli-kaiei-konta-stin-egnatia-odo ; https://civilprotection.gov.gr/sites/default/files/2026-09/260907.jpg ; https://pameevro.gr/alexandroupoli-fotia-vryzeika/ ; https://www.imerodromos.gr/fotia-stin-alexandroupoli/ ; https://voicenews.gr/alexandroupoli-pyrkagia-se-dasiki-ektasi/ ; https://www.documentonews.gr/article/foties-tria-energa-metopa-se-evvoia-alexandroupoli-kai-drama-synechis-enischysi-ton-pyrosvestikon-dynameon/ ; https://www.libre.gr/2026/09/07/fotia-stin-alexandroupoli-4/ | W23: Κοντά στην Εγνατία Οδό· μεγάλο τμήμα της περιοχής είχε καεί σε πυρκαγιά 2023 | Μεγάλο μέρος ζώνης ήδη καμένο από πυρκαγιές 2023. Μετά κατάσβεση, τα 4 εναέρια ανακατευθύνθηκαν στη Δράμα. | X23: 2026-09-08 | Y23: 9 | Z23: 0 | AA23: =IF('Στατιστικά'!$C$6,1,IFERROR(INDEX('Στατιστικά'!$C$10:$C$83,MATCH(G23,'Στατιστικά'!$B$10:$B$83,0))*1,0)) -> 1
A24: 46272 | B24: 15:15 | E24: Υψηλή Ράχη Δράμας | F24: Ανατολική Μακεδονία και Θράκη | G24: Δράμας | I24: 42 | J24: 8 | K24: 4 | L24: 1 | M24: 3 ομάδες πεζοπόρων 2ης & 21ης ΕΜΟΔΕ | N24: τοπικές υδροφόρες | Q24: 3 | R24: ΥΨΗΛΗ | S24: σε εξέλιξη | V24: https://www.eleftherostypos.gr/ellada/pyrkagia-sti-drama-8-ochimata-pezopora-tmimata-kai-enaeria-mesa-sti-machi-tis-katasvesis ; https://pelop.gr/fotia-drama-ypsili-rachi-dyo-esties/ ; https://www.paraskhnio.gr/2026/09/07/drama-dyo-esties-pyrkagias-se-dasiki-ektasi-stin-ypsili-rachi/ ; https://civilprotection.gov.gr/sites/default/files/2026-09/260907.jpg ; https://www.documentonews.gr/article/fotia-tora-stin-ypsili-rachi-tis-dramas-dyo-diaforetikes-esties-se-dasiki-ektasi/ ; https://newpost.gr/eidiseis/pyrinos-efialtis-se-tessera-metopa-machi-me-tis-floges-se-eyvoia-drama-alexandroypoli-kai-konitsa-vinteo/ ; https://www.ertnews.gr/eidiseis/synagermos-stin-pyrosvestiki-gia-fotia-sti-drama-dyo-esties-stin-ypsili-raxi/ ; https://www.newsbeast.gr/greece/arthro/13340449/diplo-metopo-fotias-stin-ypsili-rachi-tis-dramas | W24: Δύο ξεχωριστές εστίες σε μικρή απόσταση· αεροσκάφη αντλούν νερό από Καβάλα | Δύο διαφορετικές εστίες στη δασική έκταση Υψηλής Ράχης. Εναέρια ενισχύθηκαν από Αλεξανδρούπολη. Eleftheros Typos: 8 οχήματα. | Δύο ξεχωριστές εστίες σε δασική έκταση, κοντινή απόσταση μεταξύ τους. Συναγερμός Πυροσβεστικής 07/09/2026. | X24: 2026-09-23 | Y24: 9 | Z24: 0 | AA24: =IF('Στατιστικά'!$C$6,1,IFERROR(INDEX('Στατιστικά'!$C$10:$C$83,MATCH(G24,'Στατιστικά'!$B$10:$B$83,0))*1,0)) -> 1
A25: 46272 | B25: 14:30 | E25: Μακρυκάπα Εύβοιας | F25: Στερεά Ελλάδα | G25: Ευβοίας | H25: Διρφύων-Μεσσαπίων | I25: 92 | J25: 32 | K25: 10 | L25: 4 | M25: 2 ομάδες πεζοπόρων | N25: Δήμος Διρφύων-Μεσσαπίων (υδροφόρες, βαρέα μηχανήματα) | Q25: 4 | R25: ΠΟΛΥ ΥΨΗΛΗ | S25: υπό έλεγχο | T25: υπό διερεύνηση (ΔΑΕΕ) | U25: 112 7/9 14:55: ενημέρωση ευρύτερης περιοχής πυρκαγιάς· 112 7/9 15:11: εκκένωση οικισμού Τριάδας προς Ψαχνά | 112 14:55 07-09: πληροφοριακό μήνυμα ευρύτερης περιοχής Μακρυκάπας· 112 15:11 07-09: εκκένωση οικισμού Τριάδας προς Ψαχνά | 112: εκκένωση κατοίκων Τριάδας προς Ψαχνά | 07/09 ~14:55: ενημερωτικό μήνυμα 112 σε κατοίκους ευρύτερης περιοχής Μακρυκάπας Εύβοιας | V25: https://www.eleftherostypos.gr/ellada/makrykapa-evvoias-92-pyrosvestes-kai-14-enaeria-mesa-epicheiroun-sti-fotia ; https://www.enikos.gr/society/evvoia-anexelegkti-i-fotia-metaxy-makrykapas-kai-triadas-enischythikan-oi-dynameis-anafores-gia-zimies-se-egkatastaseis-kai-kalliergeies/2640306/ ; https://www.paraskhnio.gr/2026/09/07/fotia-stin-evvoia-ekkenonetai-i-triada-minyma-tou-112-pros-tous-katoikous/ ; https://www.enikos.gr/society/fotia-se-pefkodasos-stin-evvoia-minyma-apo-to-112-gia-etoimotita-vinteo/2640169/ ; https://newpost.gr/eidiseis/eyvoia-megali-fotia-sti-makrykapa-ischyres-epigeies-kai-enaeries-dynameis/ ; https://civilprotection.gov.gr/sites/default/files/2026-09/260907.jpg ; https://www.ertnews.gr/roi-idiseon/pyrkagia-se-dasiki-ektasi-stin-perioxi-makrykapa-eyvoias-ixise-to-112/ ; https://www.ertnews.gr/roi-idiseon/pyrkagia-sti-makrykapa-eyvoias-minyma-112-gia-apomakrynsi-apo-triada-pros-psaxna/ ; https://www.zougla.gr/greece/se-yfesi-i-pyrkagia-stin-evvoia/ ; https://www.voliotaki.gr/2026/09/%CF%83%CE%B5-%CF%8D%CF%86%CE%B5%CF%83%CE%B7-%CE%B7-%CF%80%CF%85%CF%81%CE%BA%CE%B1%CE%B3%CE%B9%CE%AC-%CF%83%CF%84%CE%B7%CE%BD-%CE%B5%CF%8D%CE%B2%CE%BF%CE%B9%CE%B1.html ; https://www.newsit.gr/ellada/fotia-stin-eyvoia-stin-perioxi-makrykapa-ixise-to-112-gia-ekkenosi-apo-tin-triada-pros-psaxna-enisxythikan-oi-dynameis/4768125/ ; https://www.naftemporiki.gr/society/2158360/eyvoia-fotia-tora-sti-makrykapa-minyma-toy-112/ ; https://www.efsyn.gr/ellada/1462122/pyrkagia-se-dasiki-ektasi-sti-makrykapa-eyvoias-ihise-to-112-sikothikan-5-enaeria-mesa/ ; https://newpost.gr/eidiseis/pyrinos-efialtis-se-tessera-metopa-machi-me-tis-floges-se-eyvoia-drama-alexandroypoli-kai-konitsa-vinteo/ | W25: Ανεξέλεγκτη· καίει πευκοδάσος· κίνδυνος επέκτασης προς Πισσώνα· ζημιές σε εγκαταστάσεις και καλλιέργειες· ΓΕΣ κινητοποιήθηκε | Αρχική κινητοποίηση 55 πυρ + 17 οχ + 2 αεροσκ + 3 ελικ (14:30–14:55). Δυνάμεις ενισχύθηκαν σε 92 πυρ / 32 οχ / 10+4 εναέρια μετά το 112 εκκένωσης. Κατάσταση σε ύφεση αργότερα. | Ανεξέλεγκτη αρχικά — δυνατοί άνεμοι, πυκνός καπνός. Ζημιές σε αγροτικές εγκαταστάσεις/καλλιέργειες. Κίνδυνος επέκτασης προς Πισσώνα. Αργότερα σε ύφεση/χωρίς ενεργό μέτωπο. | Ενεργοποίηση ΔΑΕΕ Εύβοιας για διερεύνηση. Στις 8/9: χωρίς ενεργό μέτωπο, μόνο διάσπαρτες εστίες. Αρχικές δυνάμεις: 55 πυρ., 17 οχ., 2 α/φ, 3 ελικ. | X25: 2026-09-08 | Y25: 9 | Z25: 0 | AA25: =IF('Στατιστικά'!$C$6,1,IFERROR(INDEX('Στατιστικά'!$C$10:$C$83,MATCH(G25,'Στατιστικά'!$B$10:$B$83,0))*1,0)) -> 1
A26: 46272 | B26: 12:00 | E26: Άγιος Αθανάσιος Εύβοιας | F26: Στερεά Ελλάδα | G26: Ευβοίας | H26: Διρφύων-Μεσσαπίων | I26: 25 | J26: 5 | K26: 0 | L26: 1 | M26: 2 ομάδες πεζοπόρων | P26: <10 ha | Q26: 4 | R26: ΠΟΛΥ ΥΨΗΛΗ | S26: σε εξέλιξη | V26: https://www.ertnews.gr/eidiseis/eyvoia-pyrkagia-se-xamili-vlastisi-ston-agio-athanasio/ ; https://civilprotection.gov.gr/sites/default/files/2026-09/260907.jpg | W26: Χαμηλή βλάστηση· ίδιος δήμος με Μακρυκάπα αλλά διαφορετική τοποθεσία και ώρα | ⚠ pyr_postfix 2026-09-23: έκταση μη δημοσιευμένη· η κλίμακα απόκρισης (≤25 πυροσβέστες, ≤4 εναέρια, ≤12 οχήματα) αποκλείει μεγάλο συμβάν. Το «<10 ha» είναι ΣΥΜΠΕΡΑΣΜΑ, όχι μέτρηση, και δεν προσμετράται στα αθροίσματα. | X26: 2026-09-07 | Y26: 9 | Z26: 0 | AA26: =IF('Στατιστικά'!$C$6,1,IFERROR(INDEX('Στατιστικά'!$C$10:$C$83,MATCH(G26,'Στατιστικά'!$B$10:$B$83,0))*1,0)) -> 1
A27: 46272 | B27: 11:30 | E27: Κωφοί Μαγνησίας | F27: Θεσσαλία | G27: Μαγνησίας | H27: Αλμυρού | I27: 35 | J27: 10 | K27: 3 | L27: 1 | M27: 2 ομάδες πεζοπόρων 10ης ΕΜΟΔΕ | N27: Δήμος Αλμυρού (υδροφόρες) | Q27: 5 | R27: ΚΑΤΑΣΤΑΣΗ ΣΥΝΑΓΕΡΜΟΥ | S27: οριοθετήθηκε | V27: https://www.newsit.gr/ellada/fotia-sti-magnisia-stin-perioxi-kofoi-sti-maxi-kai-3-aeroskafi/4767882/ ; https://www.newsbomb.gr/ellada/story/1761626/fotia-stous-kofoys-magnisias-epixeiroyn-kai-tessera-enaeria-mesa ; https://www.ertnews.gr/perifereiakoi-stathmoi/volos/se-kokkino-synagermo-magnisia-kai-sporades-gia-ton-kindyno-pyrkagias/ ; https://civilprotection.gov.gr/sites/default/files/2026-09/260907.jpg ; https://www.protothema.gr/greece/article/1875026/fotia-se-dasiki-ektasi-sti-magnisia-epiheiroun-tessera-enaeria-mesa/ ; https://newpost.gr/eidiseis/magnisia-oriothetithike-i-pyrkagia-se-dasiki-ektasi-stin-periochi-kofoi/ ; https://pelop.gr/magnisia-fotia-stous-kofous-epicheiroun-35-pyrosvestes-kai-tessera-enaeria-mesa/ | W27: Μαγνησία και Σποράδες σε «κόκκινο συναγερμό» (κατ. 5) κατά ertnews· ΔΑΕΕ ενεργοποιήθηκε για διερεύνηση αιτίων | Ώρα ειδοποίησης Πυροσβεστικής ~11:30. ΔΑΕΕ Μαγνησίας για διερεύνηση αιτίων. | X27: 2026-09-08 | Y27: 9 | Z27: 0 | AA27: =IF('Στατιστικά'!$C$6,1,IFERROR(INDEX('Στατιστικά'!$C$10:$C$83,MATCH(G27,'Στατιστικά'!$B$10:$B$83,0))*1,0)) -> 1
A28: 46272 | B28: 09:45 | C28: 11:00 | E28: Ελαιοχώρι Καβάλας | F28: Ανατολική Μακεδονία και Θράκη | G28: Καβάλας | H28: Καβάλας | I28: 18 | J28: 5 | K28: 2 | L28: 1 | M28: 1 ομάδα 21ης ΕΜΟΔΕ | N28: Δήμος (υδροφόρες) | P28: <10 ha | Q28: 3 | R28: ΥΨΗΛΗ | S28: υπό έλεγχο | T28: υπό διερεύνηση | U28: 112 (07/09 πρωί): ετοιμότητα κατοίκων Ελαιοχωρίου Καβάλας | 112 7/9: ετοιμότητα κατοίκων Ελαιοχωρίου Καβάλας (χωρίς εντολή εκκένωσης) | V28: https://www.ertnews.gr/eidiseis/ellada/fotia-sto-elaioxori-kavalas-minyma-apo-to-112-stous-katoikous-na-vriskontai-se-etoimotita/ ; https://www.in.gr/2026/09/07/greece/fotia-sto-elaioxori-kavalas-epixeiroun-tria-enaeria/ ; https://newpost.gr/eidiseis/pyrkagia-se-dasiki-ektasi-sto-elaiochori-kavalas/ ; https://www.flash.gr/fotia-tora-sto-elaiochori-kavalas-minyma-toy-112-stoys-katoikoys-1080116 ; https://parallaximag.gr/epikairotita/greece/kavala-minyma-112-gia-tin-pyrkagia-se-dasiki-ektasi-sto-elaiochori ; https://civilprotection.gov.gr/sites/default/files/2026-09/260907.jpg ; https://www.paggaio.news/%CF%80%CF%85%CF%81%CE%BA%CE%B1%CE%B3%CE%B9%CE%AC-%CF%83%CE%B5-%CE%B4%CE%B1%CF%83%CE%B9%CE%BA%CE%AE-%CE%AD%CE%BA%CF%84%CE%B1%CF%83%CE%B7-%CF%83%CF%84%CE%BF-%CE%B5%CE%BB%CE%B1%CE%B9%CE%BF%CF%87%CF%8E-2/ ; https://www.ertnews.gr/roi-idiseon/fotia-sto-elaioxori-kavalas-anagkastiki-prosgeiosi-pyrosvestikou-elikopterou-ereynontai-ta-aitia/ ; https://www.naftemporiki.gr/society/2158624/pyrkagia-se-dasiki-ektasi-stin-asprokklisia-kalampakas/ | W28: Δασική έκταση. 3 εναέρια = 2 αεροσκάφη + 1 ελικόπτερο. Άρθρο ertnews.gr: 10:32 07/09. Κίνδυνος (07/09 χάρτης ΓΓΠΠ): Καβάλας κίτρινο=3. | Δασική έκταση· newsit ανέφερε «χωρίς ενεργό μέτωπο»· Θάσος σε κατ. 4 ενώ Καβάλα σε κατ. 3 | Πυρκαγιά στην περιοχή «Προφήτης Ηλίας». Αναγκαστική προσγείωση πυροσβεστικού ελικοπτέρου κατά τη διάρκεια κατάσβεσης (χωρίς αναφορά τραυματισμών). Υπό έλεγχο ~11:00. | ⚠ pyr_postfix 2026-09-23: έκταση μη δημοσιευμένη· η κλίμακα απόκρισης (≤25 πυροσβέστες, ≤4 εναέρια, ≤12 οχήματα) αποκλείει μεγάλο συμβάν. Το «<10 ha» είναι ΣΥΜΠΕΡΑΣΜΑ, όχι μέτρηση, και δεν προσμετράται στα αθροίσματα. | X28: 2026-09-08 | Y28: 9 | Z28: 0 | AA28: =IF('Στατιστικά'!$C$6,1,IFERROR(INDEX('Στατιστικά'!$C$10:$C$83,MATCH(G28,'Στατιστικά'!$B$10:$B$83,0))*1,0)) -> 1
A29: 46272 | E29: Διασέλλα | F29: Πελοπόννησος | G29: Ηλείας | I29: 75 | J29: 22 | K29: 6 | L29: 1 | M29: 3 ορειβατικές ομάδες 18ης ΕΜΟΔΕ | Q29: 3 | R29: ΥΨΗΛΗ | S29: σε εξέλιξη | V29: https://www.ertnews.gr/perifereiakoi-stathmoi/pirgos/diimero-me-polles-pyrkagies-stin-ileia/ | W29: Ξεχωριστό μέτωπο από Σκιλλούντια. Αναφέρεται σε άρθρο ertnews 07/09. Επίσης πυρκαγιά σε Κάτω Σαμικό & Αγρίδια ταυτόχρονα. | Χαρακτηρίστηκε ως η «σημαντικότερη και πιο απαιτητική» πυρκαγιά του διημέρου 06–07/09 στην Ηλεία (ertnews). Ημερομηνία εκτιμάται 07/09 βάσει διημέρου άρθρου. | X29: 2026-09-23 | Y29: 9 | Z29: 0 | AA29: =IF('Στατιστικά'!$C$6,1,IFERROR(INDEX('Στατιστικά'!$C$10:$C$83,MATCH(G29,'Στατιστικά'!$B$10:$B$83,0))*1,0)) -> 1
A30: 46272 | C30: 11:00 | E30: Ελαιοχώρι (Προφήτης Ηλίας) | F30: Ανατολική Μακεδονία και Θράκη | G30: Καβάλας | H30: Παγγαίου | I30: 18 | J30: 5 | K30: 2 | L30: 1 | M30: 1 ομάδα πεζοπόρων 21ης ΕΜΟΔΕ | N30: υδροφόρες τοπικής αυτοδιοίκησης | Q30: 3 | R30: ΥΨΗΛΗ | S30: υπό έλεγχο | V30: https://www.paggaio.news/%CF%80%CF%85%CF%81%CE%BA%CE%B1%CE%B3%CE%B9%CE%AC-%CF%83%CE%B5-%CE%B4%CE%B1%CF%83%CE%B9%CE%BA%CE%AE-%CE%AD%CE%BA%CF%84%CE%B1%CF%83%CE%B7-%CF%83%CF%84%CE%BF-%CE%B5%CE%BB%CE%B1%CE%B9%CE%BF%CF%87%CF%8E-2/ | W30: Πρωινό περιστατικό, υπό έλεγχο λίγο μετά τις 11:00. Περιοχή «Προφήτης Ηλίας». | ⚠ pyr_postfix 2026-09-23: διπλοεγγραφή του ίδιου συμβάντος· η έκταση δεν προσμετράται (_έκταση0=0). Φέρουσα εγγραφή: γραμμή 28. | X30: 2026-09-08 | Y30: 9 | Z30: 0 | AA30: =IF('Στατιστικά'!$C$6,1,IFERROR(INDEX('Στατιστικά'!$C$10:$C$83,MATCH(G30,'Στατιστικά'!$B$10:$B$83,0))*1,0)) -> 1
A31: 46272 | C31: 12:48 | E31: Μουρίκι | F31: Δυτική Ελλάδα | G31: Αχαΐας | H31: Καλαβρύτων | I31: 21 | J31: 6 | K31: 0 | L31: 1 | M31: 1 ομάδα πεζοπόρων 6ης ΕΜΟΔΕ | N31: υδροφόρες Δήμου Καλαβρύτων | P31: <10 ha | Q31: 4 | R31: ΠΟΛΥ ΥΨΗΛΗ | S31: οριοθετήθηκε | T31: υπό διερεύνηση (Ανακριτικό Κλιμάκιο Αντιμετώπισης Εγκλημάτων Εμπρησμού Αχαΐας) | V31: https://pelop.gr/achaia-fotia-sto-mouriki-epicheiroun-21-pyrosvestes-kai-elikoptero/ ; https://www.newsit.gr/ellada/oriothetithike-i-fotia-sto-mouriki-axaias-kinitopoiithikan-21-pyrosvestes/4767855/ ; https://www.naftemporiki.gr/society/2158223/achaia-fotia-tora-sto-moyriki/ ; https://www.eleftherostypos.gr/ellada/oriothetithikan-oi-foties-se-achaia-kai-magnisia ; https://www.kalavrytanews.com/2026/09/blog-post_241.html | W31: Οριοθετήθηκε μέχρι τις 12:48 της 7/9. | ⚠ pyr_postfix 2026-09-23: έκταση μη δημοσιευμένη· η κλίμακα απόκρισης (≤25 πυροσβέστες, ≤4 εναέρια, ≤12 οχήματα) αποκλείει μεγάλο συμβάν. Το «<10 ha» είναι ΣΥΜΠΕΡΑΣΜΑ, όχι μέτρηση, και δεν προσμετράται στα αθροίσματα. | X31: 2026-09-08 | Y31: 9 | Z31: 0 | AA31: =IF('Στατιστικά'!$C$6,1,IFERROR(INDEX('Στατιστικά'!$C$10:$C$83,MATCH(G31,'Στατιστικά'!$B$10:$B$83,0))*1,0)) -> 1
A32: 46271 | B32: 17:01 | C32: 17:16 | E32: Άγιο Όρος Χαλκιδικής | F32: Κεντρική Μακεδονία | G32: Χαλκιδικής | H32: Αγίου Όρους | I32: 32 | J32: 9 | K32: 4 | L32: 2 | M32: 2 ομάδες πεζοπόρων 2ης ΕΜΟΔΕ | Q32: 2 | R32: ΜΕΣΗ | S32: υπό έλεγχο | T32: καύση απορριμμάτων (σύλληψη 53χρονου) | V32: https://www.skai.gr/ ; https://www.newsit.gr/ellada/ypo-elegxo-i-fotia-sto-agio-oros-epixeirisan-6-enaeria-mesa/4766278/ ; https://www.newsbomb.gr/ellada/story/1761244/pyrkagia-sto-agio-oros-megali-pyrosvestiki-epicheirisi-ripseis-apo-6-enaeria-mesa ; https://www.rthess.gr/ellada/syllipsi-gia-pyrkagia-sto-agio-oros-sti-chalkidiki/ ; https://www.xalkidikipolitiki.com/fotia-agio-oros-paparnika/ ; https://messolonghivoice.gr/dasiki-pyrkagia-sto-agio-oros-se-pliri-exelixi-i-epicheirisi-katasvesis-me-6-enaeria-mesa ; https://www.skai.gr | W32: Επεκτάθηκε σε ξηρό γρασίδι και καλάμια. Συνελήφθη 53χρονος για εμπρησμό από καύση απορριμμάτων. Πηγή: Yutori/skai.gr (δεν εντοπίστηκε αυτοτελές άρθρο). ΓΓΠΠ 06/09 Χαλκιδικής: μπλε (2). | Εξάπλωση σε ξηρό γρασίδι και καλάμια. Σύλληψη 53χρονου. Danger_level βάσει χάρτη ΓΓΠΠ 06/09/2026 (Χαλκιδική=μπλε). | Εξάπλωση σε ξηρό χόρτο και καλάμια. Σύλληψη δράστη. Δεδομένα δυνάμεων δεν αναφέρθηκαν από Yutori. | Εξάπλωση σε ξηρό γρασίδι και καλάμια. 53χρονος συνελήφθη ως υπαίτιος. | X32: 2026-09-08 | Y32: 9 | Z32: 0 | AA32: =IF('Στατιστικά'!$C$6,1,IFERROR(INDEX('Στατιστικά'!$C$10:$C$83,MATCH(G32,'Στατιστικά'!$B$10:$B$83,0))*1,0)) -> 1
A33: 46271 | B33: 17:01 | E33: Αγίου Όρους | F33: Κεντρική Μακεδονία | G33: Χαλκιδικής | Q33: 2 | R33: ΜΕΣΗ | S33: υπό έλεγχο | T33: Καύση απορριμμάτων (53χρονος συνελήφθη) | V33: https://www.skai.gr/ | W33: Εξαπλώθηκε σε ξηρό γρασίδι και καλάμια. Σύλληψη δράστη. | X33: 2026-09-08 | Y33: 9 | Z33: 0 | AA33: =IF('Στατιστικά'!$C$6,1,IFERROR(INDEX('Στατιστικά'!$C$10:$C$83,MATCH(G33,'Στατιστικά'!$B$10:$B$83,0))*1,0)) -> 1
A34: 46271 | B34: 16:51 | E34: Σκιλλούντια (Αρχαία Σκιλλούς) | F34: Πελοπόννησος | G34: Ηλείας | H34: Ανδρίτσαινα-Κρεστένων | I34: 45 | J34: 19 | K34: 10 | L34: 0 | M34: 3 ορειβατικές ομάδες 18ης ΕΜΟΔΕ | N34: υδροφόρες Δήμου Ανδρίτσαινας | O34: ναι | Q34: 3 | R34: ΥΨΗΛΗ | S34: σε εξέλιξη | U34: 06/09 ~17:30: μήνυμα 112 ετοιμότητας σε κατοίκους Σκιλλούντιας Ηλείας | V34: https://www.newsit.gr/ellada/fotia-stin-perioxi-skillountia-ileias-ixise-to-112-gia-etoimotita-stin-maxi-kai-10-aeroskafi/4767235/ ; https://www.flash.gr/ileia-fotia-megalon-diastaseon-sti-skilloyntia-minyma-etoimotitas-apo-to-112-1080046 ; https://www.ertnews.gr/perifereiakoi-stathmoi/pirgos/diimero-me-polles-pyrkagies-stin-ileia/ ; https://www.in.gr/2026/09/06/greece/fotia-stin-ileia-sti-maxi-eksi-enaeria/ | W34: 10 εναέρια: 5 Canadair + 5 Air Tractor. ΕΣΚΕΔΙΚ παρακολουθεί με drone (οπτικό και θερμικό). Ανάλυση ΔΑΕΕ Ηλείας για αιτία. | X34: 2026-09-08 | Y34: 9 | Z34: 0 | AA34: =IF('Στατιστικά'!$C$6,1,IFERROR(INDEX('Στατιστικά'!$C$10:$C$83,MATCH(G34,'Στατιστικά'!$B$10:$B$83,0))*1,0)) -> 1
A35: 46271 | B35: 16:15 | D35: 17:08 | E35: Πινεία Ηλείας | F35: Δυτική Ελλάδα | G35: Ηλείας | H35: Ήλιδας | I35: 25 | J35: 10 | K35: 6 | N35: Δήμος Ήλιδας: υδροφόρες | Q35: 3 | R35: ΥΨΗΛΗ | S35: κατασβέστηκε | T35: υπό διερεύνηση (ΔΑΕΕ Ηλείας) | V35: https://www.newsit.gr/ellada/ileia-deyteri-fotia-stin-perioxi-pineia-oriothetithike-i-fotia-stin-perioxi-skillountia/4767259/ ; https://www.newsbomb.gr/ellada/story/1761475/ileia-pyrkagia-stin-perioxi-tis-pineias-epixeiroyn-6-aeroskafi ; https://www.parapolitika.gr/ellada/article/1786979/fotia-stin-pineia-ileias-kinitopoiithikan-kai-enaeria-mesa ; https://www.skai.gr ; https://www.newsit.gr/ellada/ileia-deyteri-fotia-stin-perioxi-pineia-mainetai-i-fotia-stin-perioxi-skillountia/4767259/ ; https://www.ertnews.gr/eidiseis/ellada/fotia-stin-pineia-ileias/ ; https://www.in.gr/2026/09/06/greece/fotia-stin-ileia-sti-maxi-eksi-enaeria/ ; https://www.efsyn.gr/ellada/1461467/fotia-stin-pineia-ileias-epiheiroyn-exi-aeroskafi/ ; https://www.cnn.gr/ellada/story/551109/nea-fotia-stin-pineia-ileias-sikothikan-eksi-aeroskafi ; https://www.tanea.gr/2026/09/06/greece/diplo-pyrino-metopo-stin-ileia-enisxysi-ton-pyrosvestikon-dynameon-kai-112-stin-skillountia-maxi-stin-pineia ; https://www.skai.gr/ | W35: Χαμηλή βλάστηση. Πλήρης κατάσβεση ~17:08 EEST. Διερεύνηση αιτίων ΔΑΕΕ Ηλείας. ΓΓΠΠ 06/09 Ηλείας: κίτρινο (3). | Πλήρης κατάσβεση εντός 6/9. Σύγχρονη με την πυρκαγιά Σκιλλούντιας. Danger_level βάσει χάρτη ΓΓΠΠ 06/09/2026 (Ηλεία=κίτρινο). | Χαμηλή βλάστηση. Πλήρης κατάσβεση εντός 06/09 (Yutori: «εξαλειφθείσα»). Διερεύνηση αιτίας από ΔΑΕΕ Ηλείας. Κίνδυνος (06/09 χάρτης ΓΓΠΠ): Ηλείας κίτρινο=3. | Δεύτερη φωτιά στην Πηνεία ξεκίνησε ~16:15. Γρήγορη κατάσβεση. Χαμηλή βλάστηση. ΔΑΕΕ Ηλείας ερεύνησε αιτίες. | Πλήρης κατάσβεση εντός της ίδιας ημέρας. Διερεύνηση αιτίων από ΔΑΕΕ Ηλείας. | Πλήρης κατάσβεση. Διερεύνηση αιτίων από ΔΑΕΕ Ηλείας. | X35: 2026-09-08 | Y35: 9 | Z35: 0 | AA35: =IF('Στατιστικά'!$C$6,1,IFERROR(INDEX('Στατιστικά'!$C$10:$C$83,MATCH(G35,'Στατιστικά'!$B$10:$B$83,0))*1,0)) -> 1
A36: 46271 | B36: 16:00 | E36: Σκιλλούντια Ηλείας | F36: Δυτική Ελλάδα | G36: Ηλείας | H36: Ζαχάρω | I36: 45 | J36: 16 | K36: 10 | M36: 3 ορειβατικές ομάδες 18ης ΕΜΟΔΕ | N36: Δήμος Ανδριτσαίνης (υδροφόρες) | O36: εθελοντές | Q36: 3 | R36: ΥΨΗΛΗ | S36: σε εξέλιξη | T36: υπό διερεύνηση | U36: 112 μήνυμα ετοιμότητας κατοίκων Σκιλλούντιας | 112 06/09 ~17:25: ετοιμότητα κατοίκων Σκιλλούντιας Ηλείας (δεν εκδόθηκε εντολή εκκένωσης) — εστάλη και δεύτερο μήνυμα 112 αργότερα | 112 (~17:30 06/09): ετοιμότητα κατοίκων Σκιλλούντιας | 112 ~17:30 06-09: ετοιμότητα κατοίκων Σκιλλουντίας | 112 (~17:30): ετοιμότητα κατοίκων περιοχής | V36: https://www.in.gr/2026/09/06/greece/fotia-stin-ileia-sti-maxi-eksi-enaeria/ ; https://ertnews.gr/perifereiakoi-stathmoi/pirgos/fotia-sti-skillounta-ileias ; https://www.tanea.gr/2026/09/06/greece/diplo-pyrino-metopo-stin-ileia-enisxysi-ton-pyrosvestikon-dynameon-kai-112-stin-skillountia-maxi-stin-pineia ; https://www.newsit.gr/ellada/ileia-deyteri-fotia-stin-perioxi-pineia-oriothetithike-i-fotia-stin-perioxi-skillountia/4767259/ ; https://www.news24world.com/fotia-tora-stin-palia-skillountia-ileias-megali-kinitopoiisi-tis-pyrosvestikis-epicheiroun-6-aeroplana/ ; https://www.newsit.gr/ellada/fotia-stin-perioxi-skillountia-ileias-ixise-to-112-gia-etoimotita-stin-maxi-kai-10-aeroskafi/4767235/ ; https://www.flash.gr/ileia-fotia-megalon-diastaseon-sti-skilloyntia-minyma-etoimotitas-apo-to-112-1080046 ; https://www.ertnews.gr/perifereiakoi-stathmoi/pirgos/fotia-sti-skillountia-ileias-enisxythikan-oi-dynameis/ ; https://lawandorder.gr/ileia-choris-energo-metopo-i-fotia-skillountia-6-9/ ; https://todaypress.gr/2026/09/06/fotia-stin-ileia-neo-minyma-112-gia-ti-skillountia-se-etoimotita-oi-katoikoi/ ; https://www.protothema.gr ; https://www.skai.gr ; https://x.com/112Greece/status/2096606146849124849 ; https://www.mononews.gr/society/fotia-stin-ileia-112-gia-etoimotita-stin-skillountia-enischythikan-oi-dynameis-tis-pyrosvestikis ; https://www.topontiki.gr/2026/09/06/fotia-tora-stin-periochi-skillounta-ilias-epichiroun-6-enaeria-mesa/ ; https://www.reader.gr/ellada/fotia-stin-ileia-minyma-toy-112-gia-etoimotita-sti-skilloyntia/660399 ; https://todaypress.gr/2026/09/06/fotia-stin-ileia-mainetai-i-pyrkagia-sti-skillountia-10-aeroskafi-sti-machi-me-tis-floges/ ; https://www.larissanet.gr/2026/09/06/pyrgos-fotia-se-agrotodasiki-ektasi-stin-periochi-skillountia/ ; https://www.enikos.gr/society/fotia-sti-skillountia-ileias-minyma-apo-to-112-gia-etoimotita/2639703/ ; https://pelop.gr/ileia-mainetai-i-fotia-sti-skillountia/ ; https://www.skai.gr/ ; https://www.protothema.gr/ ; https://www.ertnews.gr/perifereiakoi-stathmoi/pirgos/diimero-me-polles-pyrkagies-stin-ileia/ | W36: Αγροτοδασική έκταση. 10 εναέρια συνολικά (Yutori). Drone επιτήρηση θερμικής κάμερας. Αρχικά 38 πυρ./9 οχ./6 εναέρια, ενισχύθηκε σε 45/16/10. Αργότερα οριοθετήθηκε (newsit). ΓΓΠΠ 06/09 Ηλείας: κίτρινο (3). | Πυρκαγιά μεγάλων διαστάσεων. Αριθμοί δυνάμεων αφορούν ενισχυμένη σύνθεση. «Χωρίς ενεργό μέτωπο» βάσει lawandorder.gr. Danger_level βάσει χάρτη ΓΓΠΠ 06/09/2026 (Ηλεία=κίτρινο). | 10 εναέρια συνολικά (split αεροσκαφών/ελικοπτέρων άγνωστος). Ταυτόχρονη πυρκαγιά Πηνείας Ηλείας (δεύτερο μέτωπο). Κίνδυνος (06/09 χάρτης ΓΓΠΠ): Ηλείας κίτρινο=3. | Αναζωπύρωση στην παλιά Σκιλλούντα στα όρια Ανδρίτσαινας-Κρέστενας με ισχυρή ενίσχυση (ανακτήθηκε 38 πυροσβέστες + 19 οχ + 10 αεροσκ κατά τη φάση αναζωπύρωσης). ΔΑΕΕ ερεύνησε αιτία. | 10 εναέρια μέσα συνολικά (χωρίς ανάλυση). Κίνδυνος σε πευκοδάσος. | ⚠ pyr_postfix 2026-09-23: διπλοεγγραφή του ίδιου συμβάντος· η έκταση δεν προσμετράται (_έκταση0=0). Φέρουσα εγγραφή: γραμμή 34. | X36: 2026-09-08 | Y36: 9 | Z36: 0 | AA36: =IF('Στατιστικά'!$C$6,1,IFERROR(INDEX('Στατιστικά'!$C$10:$C$83,MATCH(G36,'Στατιστικά'!$B$10:$B$83,0))*1,0)) -> 1
A37: 46271 | B37: 15:39 | C37: 19:27 | E37: Πετσάκοι Αχαΐας | F37: Δυτική Ελλάδα | G37: Αχαΐας | I37: 30 | J37: 9 | K37: 7 | L37: 1 | M37: 2 ορειβατικές ομάδες 6ης ΕΜΟΔΕ | N37: υδροφόρα Δήμου | O37: εθελοντές | P37: 20 | Q37: 3 | R37: ΥΨΗΛΗ | S37: σε εξέλιξη | T37: υπό διερεύνηση (ΔΑΕΕ Αχαΐας) | V37: https://www.protothema.gr/greece/article/1874743/fotia-stous-petsakous-ahaias-megali-kinitopoiisi-tis-purosvestikis-sikothikan-epta-enaeria/ ; https://www.naftemporiki.gr/society/2157877/fotia-tora-stoys-petsakoys-achaias-epta-enaeria-sti-machi-tis-katasvesis/ ; https://www.aigiovoice.gr/peripou-200-stremmata-dasous-kaikan-stous-petsakous-ypo-elegcho-i-pyrkagia/ ; https://www.newsit.gr/ellada/fotia-stin-axaia-epixeiroun-7-enaeria-stin-perioxi-petsakoi/4767200/ ; https://www.efsyn.gr/ellada/1461529/horis-energo-metopo-i-fotia-tin-periohi-petsakoi-ahaias/ ; https://dete.gr/pyrkagia-stous-petsakous-achaias-sti-machi-epta-enaeria-mesa/ ; https://www.skai.gr ; https://www.protothema.gr ; https://pelop.gr/fotia-petsakoi-achaia-7-enaeria/ ; https://www.paraskhnio.gr/2026/09/06/fotia-stous-petsakous-achaias-megali-kinitopoiisi-tis-pyrosvestikis-epicheiroun-epta-enaeria/ ; https://tempo24.news/fotia-stous-petsakous-achaias-epta-enaeria-sti-machi-tis-katasvesis/ ; https://www.newsbomb.gr/ellada/story/1761475/ileia-pyrkagia-stin-perioxi-tis-pineias-epixeiroyn-6-aeroskafi ; https://www.skai.gr/ ; https://www.protothema.gr/ | W37: Αγροτοδασική έκταση. ~200 στρέμματα = 20 ha δάσους κάηκαν. Κινητοποιήθηκε ΔΑΕΕ Αχαΐας. ΓΓΠΠ 06/09 Αχαΐας: κίτρινο (3). | «Χωρίς ενεργό μέτωπο» από 19:27 στις 6/9. Danger_level ρητά επιβεβαιωμένο ως κατηγορία 3 (πηγή Yutori/skai) και χάρτης ΓΓΠΠ 06/09/2026 (Αχαΐα=κίτρινο). | Αγροτοδασική έκταση. 7 εναέρια = 6 αεροσκάφη + 1 ελικόπτερο (pelop.gr). Κίνδυνος (06/09 χάρτης ΓΓΠΠ): Αχαΐας κίτρινο=3. | Δεδομένα δυνάμεων από Yutori Scout 06-09-2026. Κατηγορία κινδύνου 3 κατά Yutori. | 7 εναέρια μέσα συνολικά (χωρίς ανάλυση αεροσκαφών/ελικοπτέρων). Πηγές email: skai.gr, protothema.gr (αποκωδικοποιημένες από Yutori). | Δυνάμεις σύμφωνα με Yutori/skai. Κατηγορία κινδύνου 3 την ημέρα έναρξης. | X37: 2026-09-08 | Y37: 9 | Z37: 20 | AA37: =IF('Στατιστικά'!$C$6,1,IFERROR(INDEX('Στατιστικά'!$C$10:$C$83,MATCH(G37,'Στατιστικά'!$B$10:$B$83,0))*1,0)) -> 1
A38: 46271 | B38: 13:30 | E38: Κλειδί Βοιωτίας | F38: Στερεά Ελλάδα | G38: Βοιωτίας | I38: 55 | J38: 15 | K38: 8 | L38: 3 | M38: 2 ορειβατικές ομάδες 4ης ΕΜΟΔΕ | Q38: 3 | R38: ΥΨΗΛΗ | S38: υπό έλεγχο | U38: 112 (06/09): ετοιμότητα | V38: https://www.thetoc.gr/koinwnia/article/fotia-sti-boiotia-enisxuthikan-oi-dunameis-sto-kleidi---megali-kinitopoiisi-kai-apo-aeros-ixise-to-112 ; https://pelop.gr/fotia-kleidi-voiotias-112-enaeria/ ; https://www.skaikritis.gr/pyrkagia-se-agrotodasiki-ektasi-sto-kleidi-voiotias-112-gia-etoimotita-epicheiroun-11-enaeria/ ; https://www.libre.gr/2026/09/06/choris-energo-metopo-i-fotia-sto-kleidi/ ; https://www.newsbomb.gr/ellada/story/1761443/pyrkagia-sto-kleidi-voiotias-epixeiroyn-4-enaeria-mesa ; https://www.zarpanews.gr/synagermos-gia-fotia-stin-periochi-kleidi-voiotias-ichise-to-112-sikothikan-enaeria-mesa/ ; https://ecozen.gr/2026/09/megali-fotia-sto-kleidi-voiotias-kai-112-gia-etoimotita/ ; https://www.documentonews.gr/article/fotia-tora-sto-kleidi-voiotias/ | W38: Αγροτοδασική έκταση. Αρχικά 50 πυροσβέστες/4 εναέρια – ενισχύθηκε σε 55/11 εναέρια (8 αεροσκάφη + 3 ελικόπτερα). Τελευταία κατάσταση: χωρίς ενεργό μέτωπο. Κίνδυνος (06/09 χάρτης ΓΓΠΠ): Βοιωτίας κίτρινο=3. | X38: 2026-09-07 | Y38: 9 | Z38: 0 | AA38: =IF('Στατιστικά'!$C$6,1,IFERROR(INDEX('Στατιστικά'!$C$10:$C$83,MATCH(G38,'Στατιστικά'!$B$10:$B$83,0))*1,0)) -> 1
A39: 46271 | B39: 13:30 | E39: Κλειδί Τανάγρας | F39: Στερεά Ελλάδα | G39: Βοιωτίας | H39: Τανάγρας | I39: 55 | J39: 15 | K39: 8 | L39: 3 | M39: 2 ορειβατικές ομάδες 4ης ΕΜΟΔΕ | N39: Δήμος Τανάγρας: υδροφόρες | O39: εθελοντές | Q39: 3 | R39: ΥΨΗΛΗ | S39: υπό έλεγχο | T39: υπό διερεύνηση | U39: 112 13:58: μήνυμα ετοιμότητας κατοίκων Κλειδιού Τανάγρας | V39: https://www.thetoc.gr/koinwnia/article/fotia-sti-boiotia-enisxuthikan-oi-dunameis-sto-kleidi---megali-kinitopoiisi-kai-apo-aeros-ixise-to-112 ; https://newsit.gr/ellada/fotia-sto-kleidi-tanagras-voiotias-minyma-tou-112-gia-etoimotita-enisxythikan-oi-dynameis-epixeiroun-11-enaeria/4767134 ; https://www.tanea.gr/2026/09/06/greece/fotia-sto-kleidi-tanagras-voiotias-stalthike-minyma-apo-to-112-epixeiroun-11-enaeria-mesa ; https://www.in.gr/2026/09/06/greece/fotia-sto-kleidi-voiotias-epixeiroun-4-enaeria-mesa | W39: Αγροτοδασική έκταση. Σύνολο 11 εναέρια κατά κορύφωση. Χωρίς ενεργό μέτωπο αργότερα. Ξεχωριστό περιστατικό από την πυρκαγιά του Phantom (05/09) στην ίδια περιοχή. ΓΓΠΠ 06/09 Βοιωτίας: κίτρινο (3). | X39: 2026-09-06 | Y39: 9 | Z39: 0 | AA39: =IF('Στατιστικά'!$C$6,1,IFERROR(INDEX('Στατιστικά'!$C$10:$C$83,MATCH(G39,'Στατιστικά'!$B$10:$B$83,0))*1,0)) -> 1
A40: 46271 | B40: 10:30 | E40: Δροσοπηγή Αφιδνών | F40: Αττική | G40: Αττικής | H40: Μαραθώνος | I40: 135 | J40: 23 | K40: 2 | L40: 3 | M40: 10 πεζοπόρα τμήματα 1ης ΕΜΟΔΕ | N40: υδροφόρα Δήμου Ωρωπού | O40: ναι | Q40: 3 | R40: ΥΨΗΛΗ | S40: υπό έλεγχο | U40: 112 06/09 10:58: ενημέρωση/προειδοποίηση κατοίκων ευρύτερης περιοχής Αφιδνών (δεν εκδόθηκε εντολή εκκένωσης) | 112 (06/09): ετοιμότητα κατοίκων Αφιδνών/Δροσοπηγής | 112 (~10:30): ετοιμότητα κατοίκων Δροσοπηγής — «Φωτιά στην περιοχή Δροσοπηγής ΠΕ Ανατολικής Αττικής. Παραμείνετε σε ετοιμότητα και ακολουθείτε τις οδηγίες των Αρχών.» | 06/09 10:58: ενημερωτικό μήνυμα 112 για κατοίκους ευρύτερης περιοχής Αφιδνών-Ωρωπού | V40: https://www.ertnews.gr/eidiseis/xoris-energo-metopo-i-pyrkagia-sti-drosopigi-afidnon/ ; https://www.skai.gr ; https://www.ertnews.gr/eidiseis/afidnes-enisxythikan-oi-dynameis-stin-pyrkagia-sti-drosopigi-ixise-to-112-diekopi-i-kykloforia/ ; https://www.emakedonia.gr/attiki-fotia-stis-afidnes-ichise-to-112-diekopi-i-kykloforia ; https://www.capital.gr/epikairotita/4014850/afidnes-enisxuthikan-oi-dunameis-stin-purkagia-sti-drosopigi-ixise-to-112-diakopike-i-kukloforia/ ; https://www.in.gr/2026/09/06/greece/fotia-stis-afidnes-sikothikan-5-enaeria/ ; https://www.tanea.gr/2026/09/06/greece/fotia-stis-afidnes-sti-maxi-kai-enaeria-mesa/ ; https://www.efsyn.gr/ellada/1461287/fotia-stis-afidnes-kinitopoiithikan-pente-enaeria-mesa/ ; https://www.pontosnews.gr/860719/ellada/fotia-sti-drosopigi-afidnon-enischythikan-oi-dynameis-minyma-112/ ; https://tomanifesto.gr/fotia-se-khamili-vlastisi-stis-afidnes-ikhise-to-112-ghia-etoimotita-251199 ; https://www.ekathimerini.com ; https://www.tanea.gr/2026/09/06/greece/fotia-stis-drosopigi-enisxythikan-oi-pyrosvestikes-dynameis-112-gia-etoimotita-poioi-dromoi-einai-kleistoi-video ; https://popaganda.gr/newstrack/greece-newstrack/se-pliri-kinitopoiisi-vrisketai-i-pyrosvestiki-gia-ti-fotia-stis-afidnes ; https://www.ekathimerini.com/ ; https://www.protothema.gr/greece/article/1874633/fotia-tora-stis-afidnes-megali-kinitopoiisi-tis-purosvestikis/ | W40: Χαμηλή βλάστηση. Χωρίς ενεργό μέτωπο (ertnews). Δεν αναφέρθηκαν εκκενώσεις. ΓΓΠΠ 06/09 Αττικής: κίτρινο (3). | Καίει χαμηλή βλάστηση. Δεν αναφέρθηκαν εκκενώσεις. «Χωρίς ενεργό μέτωπο» βάσει ERT. Εναέρια λειτουργούσαν περιοδικά. Danger_level βάσει χάρτη ΓΓΠΠ 06/09/2026 (Αττική=κίτρινο). | Χαμηλή βλάστηση, Δήμος Ωρωπού. Διακοπή κυκλοφορίας Ν.Ε.Ο. Αθηνών-Λαμίας, οδ. Ειρήνης Δροσοπηγής, οδ. Χρυσανθέμων. Διερεύνηση από ΑΑΔΕ Αθηνών. Yutori: «δεν αναφέρθηκαν εκκενώσεις» – ωστόσο 112 ήχησε για ετοιμότητα. Κίνδυνος (06/09 χάρτης ΓΓΠΠ): Αττικής κίτρινο=3. | Καίει χαμηλή βλάστηση. Δεν αναφέρθηκαν εκκενώσεις. Πληροφορίες μόνο από Yutori Scout 06-09-2026 μέσω ekathimerini. | Χαμηλή βλάστηση. Διακοπή κυκλοφορίας ΕΟ Αθηνών-Λαμίας στον κόμβο Δροσοπηγής και οδό Ειρήνης Δροσοπηγής. Email ανέφερε «δεν αναφέρθηκαν εκκενώσεις» αλλά 112 ετοιμότητας εστάλη. | Χωρίς ενεργό μέτωπο αργότερα. Κλειστή η εθνική οδός Αθηνών-Λαμίας (είσοδος Δροσοπηγής), Ιρίνης Δροσοπηγής και Χρυσανθέμων. | X40: 2026-09-08 | Y40: 9 | Z40: 0 | AA40: =IF('Στατιστικά'!$C$6,1,IFERROR(INDEX('Στατιστικά'!$C$10:$C$83,MATCH(G40,'Στατιστικά'!$B$10:$B$83,0))*1,0)) -> 1
A41: 46270 | B41: 17:15 | E41: Νέος Κουβαράς Αττικής | F41: Αττική | G41: Αττικής | H41: Δήμος Σαρωνικού | I41: 45 | J41: 15 | K41: 2 | L41: 2 | M41: 2 ομάδες πεζοπόρων (1ης ΕΜΟΔΕ) | N41: Υδροφόρες Δήμου Σαρωνικού | Q41: 4 | R41: ΠΟΛΥ ΥΨΗΛΗ | S41: υπό έλεγχο | T41: Πυρκαγιά ΙΧ οχήματος στην οδό Μιχαήλ Γκίνη — εντοπίστηκε απανθρακωμένη σορός εντός αυτοκινήτου | V41: https://www.in.gr/2026/09/05/greece/fotia-ston-neo-kouvara-attikis-ksekinise-apo-ix-sikothikan-4-enaeria-mesa ; https://www.newsbomb.gr/ellada/story/1761271/neos-kouvaras-attikis-entopistike-soros-mesa-sto-aftokinito-apo-to-opoio-ksekinise-i-fotia ; https://www.cnn.gr/ellada/story/550957/fotia-se-dasiki-ektasi-ston-neo-kouvara-attikis-sikothikan-tessera-enaeria-mesa ; https://messolonghivoice.gr/neos-kouvaras-fotia-se-dasiki-ektasi-apo-anaflegomeno-ich-45-pyrosvestes-4-enaeria-kai-15-ochimata-sti-machi ; https://www.youweekly.gr/article/enimerwsi/neos-kouvaras-apanthrakomeni-soros-mesa-se-ich-apo-to-aftokinito-xekinise-i-fotia ; https://www.lykavitos.gr/news/greece/neos-kouvara-attikis-vrethike-apanthrakomeni-soros-mesa-se-ix-aytokinito-ap-opou-ksekini ; https://hellasjournal.com/2026/09/neos-kouvaras-apanthrakomeni-soros-se-aftokinito-apo-to-opoio-xekinise-pyrkagia-pou-epektathike-se-dasiki-ektasi-tethike-ypo-elegcho/ ; https://www.libre.gr/2026/09/05/fotia-ston-neo-kouvara-attikis-soros-e/ | W41: Υπό διερεύνηση από Ανακριτικό Κλιμάκιο Ανατολικής Αττικής. | Απανθρακωμένη σορός εντοπίστηκε εντός του ΙΧ. ΔΑΕΕ Ανατολικής Αττικής ερεύνησε αιτία. Επεκτάθηκε σε δασική έκταση. | X41: 2026-09-08 | Y41: 9 | Z41: 0 | AA41: =IF('Στατιστικά'!$C$6,1,IFERROR(INDEX('Στατιστικά'!$C$10:$C$83,MATCH(G41,'Στατιστικά'!$B$10:$B$83,0))*1,0)) -> 1
A42: 46270 | B42: 16:00 | E42: Διάσελλα Ηλείας | F42: Δυτική Ελλάδα | G42: Ηλείας | H42: Ανδρίτσαινα-Κρεστένων | I42: 75 | J42: 22 | K42: 6 | L42: 1 | M42: 2 ομάδες πεζοπόρων (18ης ΕΜΟΔΕ) | N42: Υδροφόρες ΟΤΑ | Q42: 3 | R42: ΥΨΗΛΗ | S42: υπό έλεγχο | U42: 112 μετά 16:15: κατοίκοι Διάσελλας να παραμείνουν στην πλατεία χωριού και να αναμένουν οδηγίες αρχών | 112 ~16:15 05/09: προειδοποίηση κατοίκων Διάσελλων - παραμείνετε στην πλατεία, ακολουθείτε οδηγίες αρχών (πυρκαγιά αγροτοδασικής έκτασης) | 112 μήνυμα ετοιμότητας: κάτοικοι Διασελλών να παραμείνουν στην πλατεία και να ακολουθήσουν οδηγίες αρχών | 112 ήχησε (ώρα/τύπος αδιευκρίνιστος) | V42: https://www.athensvoice.gr/epikairotita/ellada/983824/fotia-tora-sti-diasella-ileias-minuma-apo-to-112/ ; https://www.tovima.gr/2026/09/05/society/fotia-tora-stin-ileia-diasella-ixise-to-112-gia-etoimotita ; https://messolonghivoice.gr/fotia-sta-diasella-ileias-epicheiroun-45-pyrosvestes-kai-exi-aeroskafi-ichise-to-112 ; https://athina984.gr/2026/09/05/pyrkagia-se-agrotodasiki-ektasi-sti-diasella-ileias-sikothikan-6-enaeria-mesa/ ; https://www.documentonews.gr/article/fotia-tora-stin-ileia-ichise-to-112/ ; https://www.tanea.gr/2026/09/05/greece/pyrkagia-stin-diasella-ileias-ixise-to-112 ; https://www.tanea.gr/2026/09/05/greece/fotia-sta-diasella-ileias-veltiomeni-i-eikona-paramenoun-isxyres-dynameis-tis-pyrosvestikis ; https://www.newsbomb.gr/ellada/story/1761311/ileia-oriothetithike-i-fotia-sta-diasella ; https://www.newsit.gr/ellada/fotia-sta-diasella-ileias-oi-floges-apeilisan-spitia-sikothikan-6-aeroskafi/4766365/ ; https://www.huffingtonpost.gr/kinonia/fotia-sta-diasella-ileias-minyma-apo-to-112-stous-katoikous/ ; https://www.patrisnews.com/pyrkagia-sta-diasella-ischyres-epigeies-dynameis-kai-6-aeroskafi-sti-machi-me-tis-flogesmegali-epicheirisiaki-kinitopoiisi-ton-pyrosvestikon-dynameon-vrisketai-se-exelixi-stin-ileia-meta-ap/ ; https://www.cnn.gr/ellada/story/550978/veltiomeni-i-eikona-tis-fotias-sta-diasella-ileias-eixe-ixisei-to-112-gia-etoimotita ; https://www.patrisnews.com/diassela-tethike-ypo-elegcho-i-fotia/ ; https://best-tv.gr/titania-machi-me-tis-floges-sti-diasella-epicheiroyn-ischyrotates-dynameis-photos-video/ ; https://www.enikos.gr/society/fotia-stin-ileia-stis-floges-agrotodasiki-ektasi-stin-periochi-diasella/2639178/ ; https://ilia.news/%CF%85%CF%80%CF%8C-%CE%AD%CE%BB%CE%B5%CE%B3%CF%87%CE%BF-%CE%B7-%CF%80%CF%85%CF%81%CE%BA%CE%B1%CE%B3%CE%B9%CE%AC-%CF%83%CF%84%CE%B1-%CE%B4%CE%B9%CE%B1%CF%83%CE%AD%CE%BB%CE%BB%CE%B1-%CF%83/ | W42: Αγροτοδασική έκταση. Σήμα 112 ετοιμότητας (όχι εκκένωσης). | Φλόγες απείλησαν σπίτια. Εικόνα βελτιώθηκε αργότερα. | Αγροτοδασική έκταση. Οι φλόγες απείλησαν σπίτια. Βελτιωμένη εικόνα αργότερα — τέθηκε υπό έλεγχο (patrisnews). ΓΓΠΠ 05/09 Ηλείας: κίτρινο (3). | Φλόγες απείλησαν κατοικίες. Βελτιωμένη εικόνα από 19:30. | Ελάχιστα στοιχεία – μόνο τοποθεσία και κατάσταση επιβεβαιωμένα. Κίνδυνος (05/09 χάρτης ΓΓΠΠ): Ηλείας κίτρινο=3. | Αγροτοδασική έκταση. Εντοπίστηκε εκτός email Yutori. Χάρτης ΓΓΠΠ 05/09 δεν κατεβλήθη. | X42: 2026-09-08 | Y42: 9 | Z42: 0 | AA42: =IF('Στατιστικά'!$C$6,1,IFERROR(INDEX('Στατιστικά'!$C$10:$C$83,MATCH(G42,'Στατιστικά'!$B$10:$B$83,0))*1,0)) -> 1
A43: 46270 | B43: 15:00 | E43: Μισόκαμπος Κύμης | F43: Στερεά Ελλάδα | G43: Ευβοίας | H43: Δήμος Κύμης-Αλιβερίου | I43: 30 | J43: 10 | K43: 0 | L43: 2 | M43: 1 ομάδα πεζοπόρων (20ής ΕΜΟΔΕ) | Q43: 3 | R43: ΥΨΗΛΗ | S43: σε εξέλιξη | T43: Υπό διερεύνηση (Ανακριτικό Κλιμάκιο) | V43: https://www.ertnews.gr/eidiseis/ellada/pyrkagia-se-dasiki-ektasi-stin-perioxi-misokampos-stin-kymi-eyvoias/ ; https://www.newsbomb.gr/ellada/story/1761256/eyvoia-pyrkagia-se-dasos-tis-kymis-megali-pyrosvestiki-epixeirisi ; https://pelop.gr/misokabos-kymis-aliveriou-evvoias-xespase-pyrkagia-epicheiroun-dyo-aeroskafi-kai-30-pyrosvestes/ ; https://www.cnn.gr/ellada/story/550948/fotia-se-dasiki-ektasi-stin-eyvoia-sikothikan-dyo-aeroskafi ; https://www.flash.gr/fotia-stin-kymi-eyvoias-se-exelixi-i-epicheirisi-tis-pyrosvestikis-1079940 ; https://www.newsit.gr/ellada/fotia-stin-kymi-eyvoias-isxyres-dynameis-sti-maxi-me-tis-floges/4766410/ ; https://www.newsit.gr/ellada/fotia-stin-kymi-eyvoias-synelifthi-55xronos-gia-emprismo-afethike-eleytheros/4766547/ ; https://newpost.gr/eidiseis/fotia-stin-kymi-eyvoias-sti-machi-30-pyrosvestes-kai-dyo-elikoptera/ ; https://www.skai.gr/news/greece/fotia-se-dasiki-ektasi-stin-kymi-eyvoias-sikothikan-kai-2-elikoptera ; https://www.documentonews.gr/article/fotia-tora-stin-evvoia-kaigetai-dasos-stin-kymi/ | W43: Πηγή ertnews αναφέρει 2 ελικόπτερα· pelop.gr αναφέρει 2 αεροσκάφη — πιθανή σύγχυση ονοματολογίας για τα ίδια 2 εναέρια μέσα. | Danger level κατ. 4 επιβεβαιωμένο από πηγή. Ανακριτικό Κλιμάκιο Εμπρησμού Ευβοίας κινητοποιήθηκε. CNN αναφέρει 2 αεροσκάφη (πιθανώς ίδια με τα 2 ελικόπτερα ertnews). | Πυρκαγιά σε δασική έκταση. Κατηγορία κινδύνου 4 βάσει ERT News. Εκκινήθηκε έρευνα από ΔΑΕΕ Εύβοιας. Danger_level βάσει ρητής αναφοράς (κατηγορία 4) και χάρτη ΓΓΠΠ 05/09/2026. | Δασική έκταση. Πηγές διίστανται: skai/newpost: 2 ελικόπτερα· pelop: 2 αεροσκάφη (πιθανώς χρήση «αεροσκάφη» ως γενικός όρος). Κατάσταση μετά κατάσβεση άγνωστη. Κίνδυνος (05/09 χάρτης ΓΓΠΠ): Ευβοίας πορτοκαλί=4. | X43: 2026-09-07 | Y43: 9 | Z43: 0 | AA43: =IF('Στατιστικά'!$C$6,1,IFERROR(INDEX('Στατιστικά'!$C$10:$C$83,MATCH(G43,'Στατιστικά'!$B$10:$B$83,0))*1,0)) -> 1
A44: 46270 | B44: 15:00 | E44: Σχηματάρι Τανάγρας | F44: Στερεά Ελλάδα | G44: Βοιωτίας | H44: Δήμος Τανάγρας | I44: 115 | J44: 36 | K44: 9 | L44: 4 | M44: 3 ομάδες πεζοπόρων (4ης ΕΜΟΔΕ), τμήματα 1ης & 7ης ΕΜΑΚ | Q44: 3 | R44: ΥΨΗΛΗ | S44: υπό έλεγχο | T44: Πτώση F-4E Phantom II (338 Μοίρα, 117 ΠΤΕ) κατά αεροπορική επίδειξη «Athens Flying Week 2026» — αεροσκάφος χωρίστηκε στα δύο, τμήμα έπεσε σε δάσος, τμήμα σε εργοστάσιο γεωργικών μηχανημάτων | U44: 112 15:34: ετοιμότητα κατοίκων & επισκεπτών Σχηματαρίου Βοιωτίας | 112 15:34 05/09: προειδοποίηση ετοιμότητας κατοίκων ευρύτερης περιοχής πυρκαγιάς - ακολουθείτε οδηγίες αρχών | V44: https://www.newsit.gr/ellada/fotia-se-dasiki-ektasi-stin-tanagra-apo-tin-ptosi-tou-phantom-ixise-to-112-pou-yparxei-diakopi-kykloforias/4766351/ ; https://www.newsbomb.gr/ellada/story/1761253/kaigetai-dasos-stin-tanagra-epektathikan-oi-floges-apo-to-phantom-epixeiroyn-11-enaeria ; https://www.naftemporiki.gr/society/2157615/tanagra-veltiomeni-i-eikona-tis-fotias-poy-xespase-meta-ti-syntrivi-toy-phantom/ ; https://www.skai.gr/news/greece/tanagra-ptosi-aeroskafous ; https://www.enikos.gr/society/tanagra-fotia-se-dasiki-ektasi-meta-tin-ptosi-tou-phantom-minyma-apo-to-112/2639174/ ; https://www.tanea.gr/2026/09/05/greece/syntrivi-phantom-stin-tanagra-nekroi-oi-xeiristes-i-episimi-anakoinosi-tou-gea ; https://www.eleftherostypos.gr/ellada/fotia-sti-tanagra-veltiomeni-i-eikona-tis-pyrkagias-pou-prokalese-i-syntrivi-tou-phantom ; https://www.skai.gr/news/greece/tanagra-fotia-meta-ti-syntrivi-tou-phantom-stin-tanagra-minyma-apo-to-112 ; https://www.tanea.gr/2026/09/05/greece/fotia-se-dasiki-ektasi-stin-tanagra-meta-tin-ptosi-tou-phantom-ixise-to-112 ; https://www.firefightingreece.gr/2026/09/05/pyrkagia-se-dasiki-ektasi-stin-periochi-tou-schimatariou-voiotias/ ; https://www.flash.gr/fotia-sto-schimatari-voiotias-minyma-toy-112-stoys-katoikoys-1079931 ; https://www.cnn.gr/ellada/story/550939/fotia-se-dasiki-ektasi-stin-sximatari-ixise-to-112-gia-etoimotita | W44: Νεκροί και οι δύο χειριστές (επίσημη ανακοίνωση ΓΕΑ). Διακοπή κυκλοφορίας Νέας Εθνικής Οδού Αθηνών–Λαμίας (διακλάδωση Οινόης). | Πυρκαγιά εκδηλώθηκε από πτώση F-4 Phantom στην Athens Flying Week 2026. | X44: 2026-09-06 | Y44: 9 | Z44: 0 | AA44: =IF('Στατιστικά'!$C$6,1,IFERROR(INDEX('Στατιστικά'!$C$10:$C$83,MATCH(G44,'Στατιστικά'!$B$10:$B$83,0))*1,0)) -> 1
A45: 46270 | B45: 14:30 | C45: 14:45 | E45: Παπαρνίκα Αγίου Όρους | F45: Κεντρική Μακεδονία | G45: Χαλκιδικής | H45: Αγίου Όρους | I45: 32 | J45: 9 | K45: 4 | L45: 2 | M45: 2 ομάδες πεζοπόρων 2ης ΕΜΟΔΕ | Q45: 3 | R45: ΥΨΗΛΗ | S45: υπό έλεγχο | V45: https://www.newsit.gr/ellada/ypo-elegxo-i-fotia-sto-agio-oros-epixeirisan-6-enaeria-mesa/4766278/ ; https://todaypress.gr/2026/09/05/fotia-tora-sto-agio-oros-stis-floges-dasiki-ektasi-sikothikan-6-enaeria-mesa/ ; https://www.real.gr/koinonia/arthro/pyrkagia-sto-agio-oros-epicheiroun-6-enaeria-mesa-914244/ ; https://www.emakedonia.gr/chalkidiki-ypo-elegcho-i-pyrkagia-sti-chersoniso-toy-atho | W45: Τέθηκε υπό έλεγχο σε ~15 λεπτά. Ανακριτικό Κλιμάκιο Εμπρησμού Χαλκιδικής κινητοποιήθηκε. Danger level κατ. 3 επιβεβαιωμένο από πηγή (ertnews). | X45: 2026-09-06 | Y45: 9 | Z45: 0 | AA45: =IF('Στατιστικά'!$C$6,1,IFERROR(INDEX('Στατιστικά'!$C$10:$C$83,MATCH(G45,'Στατιστικά'!$B$10:$B$83,0))*1,0)) -> 1
A46: 46270 | B46: 14:30 | E46: Παπαρνίκα, χερσόνησος Άθω | F46: Κεντρική Μακεδονία | G46: Χαλκιδικής | I46: 32 | J46: 9 | K46: 4 | L46: 2 | M46: 2 ορειβατικές ομάδες | Q46: 3 | R46: ΥΨΗΛΗ | S46: υπό έλεγχο | T46: Καύση απορριμμάτων (σύλληψη 53χρονου) | V46: https://www.newsit.gr/ellada/ypo-elegxo-i-fotia-sto-agio-oros-epixeirisan-6-enaeria-mesa/4766278/ | W46: Εξαπλώθηκε σε ξηρό γρασίδι και καλάμια. Ταχεία περιορισμός (~15 λεπτά αρχικά). Yutori (06/09): «περιεχόμενη/ελεγχόμενη». Κίνδυνος (05/09 χάρτης ΓΓΠΠ): Χαλκιδικής κίτρινο=3. | ⚠ pyr_postfix 2026-09-23: διπλοεγγραφή του ίδιου συμβάντος· η έκταση δεν προσμετράται (_έκταση0=0). Φέρουσα εγγραφή: γραμμή 45. | X46: 2026-09-07 | Y46: 9 | Z46: 0 | AA46: =IF('Στατιστικά'!$C$6,1,IFERROR(INDEX('Στατιστικά'!$C$10:$C$83,MATCH(G46,'Στατιστικά'!$B$10:$B$83,0))*1,0)) -> 1
A47: 46270 | B47: 09:30 | E47: Μέσα Λέσβου | F47: Βόρειο Αιγαίο | G47: Λέσβου | I47: 25 | J47: 9 | K47: 7 | L47: 1 | M47: 1 πεζοπόρο τμήμα 12ης ΕΜΟΔΕ | O47: ναι | Q47: 3 | R47: ΥΨΗΛΗ | T47: υπό διερεύνηση (ΔΑΕΕ Λέσβου) | V47: https://www.newsit.gr/ellada/fotia-sti-lesvo-stin-perioxi-mesa-kaiei-se-agrotodasiki-ektasi-epixeiroun-8-enaeria/4766119/ ; https://www.thetoc.gr/koinwnia/article/fotia-tora-sti-lesbo-kaiei-se-agrotodasiki-ektasi-stin-perioxi-mesa---epixeiroun-8-enaeria ; https://www.skai.gr/news/greece/lesvos-pyrkagia-se-agrotodasiki-ektasi-stin-perioxi-mesa ; https://www.tanea.gr/2026/09/05/greece/pyrino-metopo-sti-lesvo-epixeiroun-isxyres-epigeies-kai-enaeries-dynameis ; https://lesvosvoice.gr/2026/09/05/lesvos-fotia-se-agrotodasiki-ektasi-stin-perioxi-tis-rizonas/ | W47: Πυρκαγιά σε αγροτοδασική έκταση στην περιοχή Μέσα. Σε μεταγενέστερη ενημέρωση αναφέρθηκαν 8 εναέρια. Danger_level βάσει ρητής αναφοράς πηγής (κατηγορία 3) και χάρτη ΓΓΠΠ 05/09/2026. | X47: 2026-09-07 | Y47: 9 | Z47: 0 | AA47: =IF('Στατιστικά'!$C$6,1,IFERROR(INDEX('Στατιστικά'!$C$10:$C$83,MATCH(G47,'Στατιστικά'!$B$10:$B$83,0))*1,0)) -> 1
A48: 46270 | B48: 05:00 | E48: Achaia Clauss | F48: Δυτικής Ελλάδας | G48: Αχαΐας | H48: Πατρέων | I48: 27 | J48: 9 | K48: 0 | L48: 0 | M48: 1 ομάδα πεζοπόρου 6ης ΕΜΟΔΕ | N48: υδροφόρες τοπικής αυτοδιοίκησης | O48: εθελοντές πυροσβέστες Πατρέων | Q48: 3 | R48: ΥΨΗΛΗ | S48: υπό έλεγχο | V48: https://www.newsit.gr/ellada/patra-fotia-sto-istoriko-oinopoieio-achaia-clauss-ekrikseis-kai-maxi-na-min-perasoun-oi-floges-sto-dasos/4766019/ ; https://www.madata.gr/epikairotita/social/976969-fotia-sto-istoriko-oinopoieio-achaia-clauss-stin-patra-katastrafike-oloscheros-petrino-ktirio.html ; https://www.in.gr/2026/09/05/uncategorized/patra-megali-fotia-kai-ekrikseis-stin-achaia-clauss-maxi-na-min-epektathei-sto-dasos ; https://www.iefimerida.gr/ellada/katastrofes-fotia-clauss-patra ; https://www.in.gr/2026/09/05/greece/patra-ypo-elegxo-i-megali-fotia-sto-istoriko-oinopoieio-achaia-clauss-deite-fotografies ; https://patrapress.gr/patra-nees-eikones-apo-ti-machi-katasvesis-stin-pyrkagia-tis-achaia-clauss-ethelontes-pyrosvestes-en-drasei-vinteo-foto/ ; https://www.argolidaportal.gr/news/116984/patra-pyrkagia-stin-achaia-clauss-katastrafike-petrino-ktirio-vid | W48: Πυρκαγιά σε κτίριο ιστορικής οινοποιίας — αγώνας να μην επεκταθεί στο παρακείμενο δάσος. Καταστράφηκε πέτρινο κτίριο. Εκρήξεις. Vehicles: 8 οχήματα + 1 κλιμακοφόρο. Αίτια υπό διερεύνηση από Κλιμάκιο Εμπρησμού. | Καταστράφηκε ολοσχερώς ιστορικό πέτρινο κτίριο δύο ορόφων. Εκρήξεις κατά τη διάρκεια κατάσβεσης. Ακυρώθηκε εκδήλωση Open Harvest 2026. | X48: 2026-09-06 | Y48: 9 | Z48: 0 | AA48: =IF('Στατιστικά'!$C$6,1,IFERROR(INDEX('Στατιστικά'!$C$10:$C$83,MATCH(G48,'Στατιστικά'!$B$10:$B$83,0))*1,0)) -> 1
A49: 46270 | E49: Αγρίδι Ηλείας | F49: Δυτική Ελλάδα | G49: Ηλείας | H49: Ανδρίτσαινα-Κρεστένων | K49: 0 | L49: 0 | S49: σε εξέλιξη | V49: https://www.newsit.gr/ellada/foties-sti-notia-ileia-megali-kinitopoiisi-tis-pyrosvestikis-se-kato-samiko-kai-agridi/4766265/ ; https://pelop.gr/ileia-nea-fotia-sto-agridi-xespase-liga-lepta-meta-to-kato-samiko/ ; https://www.iefimerida.gr/ellada/ileia-pyrkagies-kato-samiko-agridi-enaeria-mesa ; https://www.documentonews.gr/article/fotia-tora-stin-ileia-2-diaforetika-metopa-se-liga-molis-lepta-epicheiroun-4-aeroskafi/ | W49: Νέα ανακάλυψη. Ξέσπασε λίγα λεπτά μετά την πυρκαγιά Κάτω Σαμικό. Μικρότερης έκτασης· επιχείρησαν μόνο επίγειες δυνάμεις. | X49: 2026-09-06 | Y49: 9 | Z49: 0 | AA49: =IF('Στατιστικά'!$C$6,1,IFERROR(INDEX('Στατιστικά'!$C$10:$C$83,MATCH(G49,'Στατιστικά'!$B$10:$B$83,0))*1,0)) -> 1
A50: 46270 | E50: Αεροδρόμιο Τανάγρας — Athens Flying Week (Phantom crash) | F50: Στερεά Ελλάδα | G50: Βοιωτίας | H50: Τανάγρας | I50: 115 | J50: 36 | M50: 3 επίγειες ομάδες | Q50: 3 | R50: ΥΨΗΛΗ | T50: συντριβή F-4 Phantom Πολεμικής Αεροπορίας κατά διάρκεια Athens Flying Week 2026 — 2 νεκροί πιλότοι | V50: https://greekcitytimes.com/2026/09/05/phantom-crash-athens-flying-week-2026-tanagra ; https://www.euronews.com/my-europe/2026/09/05/two-pilots-killed-in-phantom-f-4-jet-crash-during-greek-air-force-annual-show ; https://theaviationist.com/2026/09/05/greek-f-4-phantom-crashes/ ; https://greekreporter.com/2026/09/05/greek-air-force-f-4-phantom-crash/ | W50: Πυρκαγιά εκδηλώθηκε από τη συντριβή F-4 Phantom κατά χαμηλή επίδειξη και επεκτάθηκε σε γύρω δασική έκταση. 115 πυρ./36 οχ./3 ομάδες. Δεν τραυματίστηκαν άμαχοι. Ακυρώθηκαν υπόλοιπες εκδηλώσεις. ΓΓΠΠ 05/09 Βοιωτίας: κίτρινο (3). | X50: 2026-09-06 | Y50: 9 | Z50: 0 | AA50: =IF('Στατιστικά'!$C$6,1,IFERROR(INDEX('Στατιστικά'!$C$10:$C$83,MATCH(G50,'Στατιστικά'!$B$10:$B$83,0))*1,0)) -> 1
A51: 46270 | C51: 11:30 | E51: Αχλαδερή (περιοχή Ριζώνας) | F51: Βορείου Αιγαίου | G51: Λέσβου | H51: Λέσβου | I51: 37 | J51: 9 | K51: 7 | L51: 1 | M51: 1 ομάδα πεζοπόρων 12 μελών | N51: υδροφόρες Δήμου Δυτικής Λέσβου | O51: εθελοντές | Q51: 3 | R51: ΥΨΗΛΗ | S51: οριοθετήθηκε | V51: https://www.protothema.gr/greece/article/1874331/lesvos-fotia-se-hortolivasiki-ektasi-stin-ahladeri-epiheiroun-kai-enaeria-mesa/ ; https://cretaone.gr/fotia-se-chortolivasiki-ektasi-stin-achladeri-lesvoy/ ; https://lesvosvoice.gr/2026/09/05/lesvos-fotia-se-agrotodasiki-ektasi-stin-perioxi-tis-rizonas/ ; https://www.tanea.gr/2026/09/05/greece/pyrino-metopo-sti-lesvo-epixeiroun-isxyres-epigeies-kai-enaeries-dynameis ; https://www.pentapostagma.gr/ethnika-themata/esoteriki-asfaleia/7388223_lesbos-fotia-se-hortolibasiki-ektasi-stin-ahladeri ; https://radar.gr/article/lesvos-fotia-se-chortolivasiki-ektasi-stin-achladeri-epicheiroun-kai-enaeria-mesa ; https://www.npress.gr/greece/lesvos-fotia-stin-achladeri-epicheiroun-ischyres-epigeies-kai-enaeries-dynameis/ ; https://www.protothema.gr/greece/article/1874331/lesvos-fotia-se-hortolivasiki-ektasi-stin-ahladeri-epicheiroun-kai-enaeria-mesa/ | W51: Χορτολιβασική και δασική βλάστηση (αστιβιές). Personnel: 25 πυροσβέστες + 12μελής ομάδα πεζοπόρου. Αίτηση βαρέων μηχανημάτων για αντιπυρικές ζώνες. | Χορτολιβαδική/αγροτοδασική έκταση. Συνολικά 8 εναέρια (αρχικά 2 PZL + 1 ελικόπτερο – npress.gr· ενισχύθηκε σε 8 – pentapostagma.gr). Κατάσταση μετά κατάσβεση άγνωστη. Κίνδυνος (05/09 χάρτης ΓΓΠΠ): Λέσβου κίτρινο=3. | X51: 2026-09-07 | Y51: 9 | Z51: 0 | AA51: =IF('Στατιστικά'!$C$6,1,IFERROR(INDEX('Στατιστικά'!$C$10:$C$83,MATCH(G51,'Στατιστικά'!$B$10:$B$83,0))*1,0)) -> 1
A52: 46270 | E52: Βάλτος Ορεστιάδας | F52: Ανατολική Μακεδονία & Θράκη | G52: Έβρου | H52: Δήμος Ορεστιάδας | I52: 23 | J52: 8 | K52: 3 | L52: 1 | M52: 1 ομάδα πεζοπόρου 7ης ΕΜΟΔΕ | N52: υδροφόρες ΟΤΑ, μηχανήματα έργου | P52: <10 ha | Q52: 2 | R52: ΜΕΣΗ | S52: σε εξέλιξη | V52: https://www.protothema.gr/greece/article/1874426/fotia-se-agrotodasiki-ektasi-stin-periohi-valtos-orestiadas/ ; https://www.tanea.gr/2026/09/05/greece/orestiada-pyrkagia-se-agrotodasiki-ektasi-sto-valto ; https://www.emakedonia.gr/orestiada-pyrkagia-se-agrotodasiki-ektasi-ston-valto-tessera-enaeria ; https://www.newsit.gr/ellada/fotia-se-agrotodasiki-ektasi-stin-orestiada-sti-maxi-kai-enaeria-mesa/4766376/ ; https://www.newsbomb.gr/ellada/story/1761318/orestiada-veltiomeni-i-eikona-tis-fotias-ston-valto ; https://messolonghivoice.gr/fotia-ston-valto-orestiadas-kinitopoiithikan-23-pyrosvestes-kai-4-enaeria-mesa | W52: Αγροτοδασική έκταση. Δεν υπάρχουν στοιχεία δυνάμεων στη διαθέσιμη πηγή. | Αγροτοδασική έκταση. Λεπτομέρειες δυνάμεων μη διαθέσιμες από διαθέσιμες πηγές. | ⚠ pyr_postfix 2026-09-23: έκταση μη δημοσιευμένη· η κλίμακα απόκρισης (≤25 πυροσβέστες, ≤4 εναέρια, ≤12 οχήματα) αποκλείει μεγάλο συμβάν. Το «<10 ha» είναι ΣΥΜΠΕΡΑΣΜΑ, όχι μέτρηση, και δεν προσμετράται στα αθροίσματα. | X52: 2026-09-06 | Y52: 9 | Z52: 0 | AA52: =IF('Στατιστικά'!$C$6,1,IFERROR(INDEX('Στατιστικά'!$C$10:$C$83,MATCH(G52,'Στατιστικά'!$B$10:$B$83,0))*1,0)) -> 1
A53: 46270 | E53: Κάτω Σαμικό | F53: Πελοπόννησος | G53: Ηλείας | H53: Ανδρίτσαινα-Κρεστένων | I53: 23 | J53: 5 | K53: 3 | L53: 1 | M53: 1 ομάδα πεζοπόρων 18ης ΕΜΟΔΕ | N53: Υδροφόρα δήμου | P53: <10 ha | Q53: 4 | R53: ΠΟΛΥ ΥΨΗΛΗ | V53: https://www.newsbomb.gr/ellada/story/1761239/fotia-stin-ileia-pyrkagia-se-agrotodasiki-ektasi-sto-kato-samiko-epixeiroyn-kai-3-enaeria-mesa ; https://www.skai.gr/news/greece/pyrkagia-stin-perioxi-kato-samiko ; https://www.protothema.gr/greece/article/1874403/fotia-tora-sto-kato-samiko-ileias-kaiei-xera-horta/ ; https://www.newsit.gr/ellada/foties-sti-notia-ileia-megali-kinitopoiisi-tis-pyrosvestikis-se-kato-samiko-kai-agridi/4766265/ ; https://pelop.gr/ileia-fotia-sto-kato-samiko-kaiei-xera-chorta/ ; https://www.patrisnews.com/pyrkagia-sto-kato-samiko-megali-kinitopoiisi-tis-pyrosvestikis/ ; https://www.npress.gr/greece/fotia-sto-kato-samiko-ileias-epicheiroun-epigeies-kai-enaeries-dynameis/ | W53: Αγροτοδασική έκταση, αρχικά ξερά χόρτα. Ξεχωριστό συμβάν από τα Διάσελλα (ίδιος Δήμος). | ⚠ pyr_postfix 2026-09-23: έκταση μη δημοσιευμένη· η κλίμακα απόκρισης (≤25 πυροσβέστες, ≤4 εναέρια, ≤12 οχήματα) αποκλείει μεγάλο συμβάν. Το «<10 ha» είναι ΣΥΜΠΕΡΑΣΜΑ, όχι μέτρηση, και δεν προσμετράται στα αθροίσματα. | X53: 2026-09-06 | Y53: 9 | Z53: 0 | AA53: =IF('Στατιστικά'!$C$6,1,IFERROR(INDEX('Στατιστικά'!$C$10:$C$83,MATCH(G53,'Στατιστικά'!$B$10:$B$83,0))*1,0)) -> 1
A54: 46269 | B54: 19:00 | C54: 19:55 | E54: Τουρκοβούνια | F54: Αττική | G54: Αττικής | H54: Ψυχικού | I54: 64 | J54: 15 | K54: 0 | L54: 2 | M54: 4 ομάδες πεζοπόρου 1ης ΕΜΟΔΕ | N54: υδροφόρες Δήμου Ψυχικού | Q54: 3 | R54: ΥΨΗΛΗ | S54: οριοθετήθηκε | T54: υπό διερεύνηση (Ανακριτικό Κλιμάκιο Εμπρησμού Αθηνών) | V54: https://www.firefightingreece.gr/2026/09/04/pyrkagia-se-chamili-vlastisi-stin-periochi-ton-tourkovounion-sto-psychiko/ ; https://www.skai.gr/news/greece/fotia-se-dasiki-ektasi-stous-pentagious-fokidas ; https://www.tanea.gr/2026/09/04/greece/oriothetithike-i-fotia-sta-tourkovounia-paramenoun-sto-simeio-epigeies-dynameis-video ; https://www.tanea.gr/2026/09/04/greece/fotia-sta-tourkovounia-sto-psyxiko-epixeiroun-epigeies-dynameis-kai-elikoptera ; https://www.newsbomb.gr/ellada/story/1757679/fotia-sta-tourkovoynia ; https://www.in.gr/2026/09/04/greece/fotia-sta-tourkovounia-sto-psyxiko-isxyres-pyrosvestikes-dynameis ; https://www.zougla.gr/greece/psychiko-pyrkagia-sta-tourkovounia/ ; https://www.eleftherostypos.gr/ellada/fotia-sto-psychiko-choris-energo-metopo-i-pyrkagia-sta-tourkovounia ; https://www.dnews.gr/eidhseis/ellada/608368/fotia-tora-sta-tourkovoynia-epixeiroyn-64-pyrosvestes ; https://www.skai.gr/news/greece/pyrkagia-sto-psyxiko-sta-tourkovounia ; https://www.pentapostagma.gr/ethnika-themata/esoteriki-asfaleia/7388154_psyhiko-pyrkagia-xespase-sta-toyrkoboynia ; https://www.reader.gr/ellada/fotia-tora-sta-toyrkoboynia-ohima-tylihthike-stis-floges/658320 | W54: Χαμηλή βλάστηση. Drone θερμικής κάμερας ΕΣΚΕΔΙΚ. Ενισχυμένοι αριθμοί (~19:49): 64 πυρ., 15 οχ., 2 ελικ. | Χαμηλή βλάστηση/χόρτα, οδός Περσέως, Ψυχικό. Κατηγορία κινδύνου 4. Χωρίς ενεργό μέτωπο ~20:00. Drone ΕΣΚΕΔΙΚ (θερμικές+οπτικές) + υδροφόρες Δήμου Ψυχικού. Αναφορά πιθανής εμπλοκής ανηλίκων (αδιαβεβαίωτο, ΣΚΑΪ). Καμένη έκταση δεν επιβεβαιώθηκε σε καμία πηγή. | Χαμηλή βλάστηση κοντά σε οδό Περσέως. Οριοθετήθηκε· παρέμειναν επίγειες δυνάμεις. | X54: 2026-09-05 | Y54: 9 | Z54: 0 | AA54: =IF('Στατιστικά'!$C$6,1,IFERROR(INDEX('Στατιστικά'!$C$10:$C$83,MATCH(G54,'Στατιστικά'!$B$10:$B$83,0))*1,0)) -> 1
A55: 46269 | B55: 17:45 | C55: 19:00 | E55: Άνω Περαία | F55: Κεντρική Μακεδονία | G55: Θεσσαλονίκης | H55: Θερμαϊκού | I55: 25 | J55: 9 | K55: 1 | L55: 2 | M55: 1 ομάδα πεζοπόρου 2ης ΕΜΟΔΕ | N55: υδροφόρες Δήμου Θερμαϊκού | P55: <10 ha | Q55: 3 | R55: ΥΨΗΛΗ | S55: οριοθετήθηκε | T55: υπό διερεύνηση | U55: 112 ~17:50: προειδοποίηση ετοιμότητας ευρύτερης περιοχής Άνω Περαίας Θεσσαλονίκης – «παραμείνετε σε ετοιμότητα και ακολουθείτε οδηγίες Αρχών» | ναι | 112 17:50: ετοιμότητα κατοίκων Άνω Περαίας ΠΕ Θεσσαλονίκης — «Παραμείνετε σε ετοιμότητα και ακολουθείτε τις οδηγίες των Αρχών» | V55: https://www.newsit.gr/ellada/fotia-sti-thessaloniki-stin-ano-peraia-estali-112-sikothikan-1-aeroskafos-kai-2-elikoptera/4765662/ ; https://www.cnn.gr/ellada/story/550816/fotia-stin-ano-peraia-thessalonikis-ixise-to-112-gia-etoimotita ; https://www.rthess.gr/ellada/thessaloniki-pyrkagia-stin-ano-peraia-ichise-to-112/ ; https://www.enikos.gr/society/thessaloniki-fotia-se-agrotodasiki-ektasi-stin-ano-peraia-minyma-apo-to-112/2638734/ ; https://www.tanea.gr/2026/09/04/greece/fotia-se-agrotodasiki-ektasi-stin-ano-peraia-thessalonikis-minyma-tou-112 ; https://www.newsit.gr/ellada/oriothetithike-i-fotia-sti-thessaloniki-stin-ano-peraia-estali-112-sikothikan-1-aeroskafos-kai-2-elikoptera/4765662/ ; https://www.libre.gr/2026/09/04/fotia-stin-ano-peraia-thessalonikis-112-g/ ; https://www.emakedonia.gr/thessaloniki-oriothetithike-i-fotia-stin-peraia ; https://www.newsbomb.gr/ellada/story/1761079/thessaloniki-oriothetithike-i-fotia-stin-ano-peraia ; https://athina984.gr/2026/09/04/thessaloniki-pyrkagia-stin-ano-peraia-ichise-to-112/ ; https://www.protothema.gr/greece/article/1874108/fotia-stin-ano-peraia-thessalonikis-ihise-to-112-to-gia-etoimotita-3-enaeria-sti-mahi/ | W55: Drone θερμικής κάμερας ΕΣΚΕΔΙΚ. Διάσπαρτες κατοικίες κοντά στην εστία. | Αγροτοδασική έκταση κοντά σε κατοικίες. | Ανακριτικό Κλιμάκιο Αντιμετώπισης Εγκλημάτων Εμπρησμού Θεσσαλονίκης κινητοποιήθηκε. 112 εστάλη στις 17:50 για ετοιμότητα κατοίκων. | ⚠ pyr_postfix 2026-09-23: έκταση μη δημοσιευμένη· η κλίμακα απόκρισης (≤25 πυροσβέστες, ≤4 εναέρια, ≤12 οχήματα) αποκλείει μεγάλο συμβάν. Το «<10 ha» είναι ΣΥΜΠΕΡΑΣΜΑ, όχι μέτρηση, και δεν προσμετράται στα αθροίσματα. | X55: 2026-09-07 | Y55: 9 | Z55: 0 | AA55: =IF('Στατιστικά'!$C$6,1,IFERROR(INDEX('Στατιστικά'!$C$10:$C$83,MATCH(G55,'Στατιστικά'!$B$10:$B$83,0))*1,0)) -> 1
A56: 46269 | B56: 17:11 | E56: Δίστομο Βοιωτίας | F56: Στερεά Ελλάδα | G56: Βοιωτίας | H56: Δίστομο-Αράχωβα-Αντίκυρα | I56: 25 | J56: 4 | K56: 2 | L56: 2 | M56: 3 ομάδες πεζοπόρων 4ης ΕΜΟΔΕ | P56: <10 ha | Q56: 3 | R56: ΥΨΗΛΗ | S56: σε εξέλιξη | V56: https://www.firefightingreece.gr/2026/09/04/pyrkagia-se-chamili-vlastisi-sto-distomo-voiotias-epicheiroun-25-pyrosvestes-kai-4-enaeria-mesa/ ; https://www.cnn.gr/ellada/story/550802/fotia-se-xamili-vlastisi-sto-distomo-voiotias-epixeiroyn-kai-tessera-enaeria-mesa ; https://www.newsbomb.gr/ellada/story/1761050/pyrkagia-sto-distomo-voiotias-sikothikan-tessera-enaeria-mesa ; https://www.enikos.gr/society/voiotia-fotia-se-chamili-vlastisi-sto-distomo-sti-machi-kai-4-enaeria-mesa/2638712/ ; https://www.dikastiko.gr/eidhsh/veltiomeni-i-eikona-ton-pyrkagon-se-voiotia-kai-salamina/ ; https://www.flash.gr/fotia-sto-distomo-voiotias-megali-kinitopoiisi-tis-pyrosvestikis-1079838 | W56: Χαμηλή βλάστηση. | Πυρκαγιά σε χαμηλή βλάστηση, απογευματινές ώρες. | Φωτιά σε χαμηλή βλάστηση, απόγευμα Παρασκευής. Ανακριτικό Κλιμάκιο Εμπρησμού Φθιώτιδας κινητοποιήθηκε. | ⚠ pyr_postfix 2026-09-23: έκταση μη δημοσιευμένη· η κλίμακα απόκρισης (≤25 πυροσβέστες, ≤4 εναέρια, ≤12 οχήματα) αποκλείει μεγάλο συμβάν. Το «<10 ha» είναι ΣΥΜΠΕΡΑΣΜΑ, όχι μέτρηση, και δεν προσμετράται στα αθροίσματα. | X56: 2026-09-06 | Y56: 9 | Z56: 0 | AA56: =IF('Στατιστικά'!$C$6,1,IFERROR(INDEX('Στατιστικά'!$C$10:$C$83,MATCH(G56,'Στατιστικά'!$B$10:$B$83,0))*1,0)) -> 1
A57: 46269 | B57: 16:15 | C57: 18:00 | E57: Γομάτι Χαλκιδικής | F57: Κεντρική Μακεδονία | G57: Χαλκιδικής | H57: Αριστοτέλη | I57: 18 | J57: 4 | K57: 1 | L57: 1 | M57: 1 ομάδα πεζοπόρου 2ης ΕΜΟΔΕ | N57: υδροφόρες Δήμου Αριστοτέλη | P57: <10 ha | Q57: 3 | R57: ΥΨΗΛΗ | S57: οριοθετήθηκε | T57: υπό διερεύνηση (Ανακριτικό Κλιμάκιο Εμπρησμών Χαλκιδικής) | V57: https://www.thestival.gr/eidiseis/astynomika/chalkidiki-oriothetithike-i-fotia-poy-xe/ ; https://www.emakedonia.gr/chalkidiki-oriothetithike-i-pirkaghia-se-dysvati-dasiki-ektasi-sto-gomati ; https://www.skai.gr/news/greece/fotia-se-dasiki-ektasi-sto-gomati-xalkidikis ; https://www.tanea.gr/2026/09/04/greece/fotia-se-dasiki-ektasi-sto-gomati-xalkidikis ; https://www.enikos.gr/society/chalkidiki-fotia-se-dasiki-ektasi-sto-gomati-epicheirei-ki-ena-elikoptero/2638709/ ; https://new.cyprusnews.eu/skai-ellada/oriothetithike-i-fotia-se-dasiki-ektasi-sto-gomati-chalkidikis/ | W57: Δυσπρόσιτη δασική έκταση. | Δύσβατη δασική έκταση. Οριοθέτηση ~18:00. Συνδρομή Δήμου Αριστοτέλη (υδροφόρες). | Δασική έκταση. Ελλιπή επιχειρησιακά στοιχεία. | Ανακριτικό Κλιμάκιο Εμπρησμού Χαλκιδικής ενεργοποιήθηκε για διερεύνηση αιτίων. | Δασική έκταση, νωρίς απόγευμα. | Δασική έκταση. Νωρίς απόγευμα Παρασκευής. Λεπτομέρειες δυνάμεων μη διαθέσιμες (πηγή 403). | ⚠ pyr_postfix 2026-09-23: έκταση μη δημοσιευμένη· η κλίμακα απόκρισης (≤25 πυροσβέστες, ≤4 εναέρια, ≤12 οχήματα) αποκλείει μεγάλο συμβάν. Το «<10 ha» είναι ΣΥΜΠΕΡΑΣΜΑ, όχι μέτρηση, και δεν προσμετράται στα αθροίσματα. | X57: 2026-09-06 | Y57: 9 | Z57: 0 | AA57: =IF('Στατιστικά'!$C$6,1,IFERROR(INDEX('Στατιστικά'!$C$10:$C$83,MATCH(G57,'Στατιστικά'!$B$10:$B$83,0))*1,0)) -> 1
A58: 46269 | B58: 15:00 | C58: 17:40 | E58: Πενταγιοί Φωκίδας | F58: Στερεά Ελλάδα | G58: Φωκίδος | H58: Δωρίδος | I58: 18 | J58: 5 | K58: 1 | L58: 1 | M58: 1 ομάδα πεζοπόρου 4ης ΕΜΟΔΕ | N58: υδροφόρες Δήμου Δωρίδος | P58: <10 ha | Q58: 3 | R58: ΥΨΗΛΗ | S58: υπό έλεγχο | T58: υπό διερεύνηση (Ανακριτικό Κλιμάκιο Εμπρησμού Φθιώτιδας) | V58: https://www.skai.gr/news/greece/fotia-se-dasiki-ektasi-stous-pentagious-fokidas ; https://www.eleftherostypos.gr/ellada/fotia-tora-sti-fokida-sikothikan-aeroskafos-kai-elikoptero ; https://www.lamiareport.gr/topika/topikanea/item/pyrkagia-sti-fokida-stin-perioxi-pentagioi-sikothike-1-elikoptero-kai-1-aeroskafos/ ; https://messolonghivoice.gr/fokida-dasiki-pyrkagia-stous-pentagious-sto-simeio-18-pyrosvestes-kai-dyo-enaeria-mesa ; https://www.newsit.gr/ellada/fotia-sti-fokida-stin-perioxi-pentagioi-sikothike-1-elikoptero-kai-1-aeroskafos/4765573/ ; https://www.tanea.gr/2026/09/04/greece/fokida-pyrkagia-se-dasiki-perioxi-konta-stous-pentagious ; https://www.enikos.gr/society/fokida-fotia-se-dasiki-ektasi-stous-pentagious-sti-machi-kai-enaeria-mesa/2638669/ ; https://www.libre.gr/2026/09/04/fotia-stous-pentagious-fokidas-sikoth/ | W58: Δασική πυρκαγιά απογευματινές ώρες 04/09. Εκκίνηση έρευνας ΔΑΕΕ Φθιώτιδας. ΓΓΠΠ 04/09 Φωκίδος: κίτρινο (3). | ⚠ pyr_postfix 2026-09-23: έκταση μη δημοσιευμένη· η κλίμακα απόκρισης (≤25 πυροσβέστες, ≤4 εναέρια, ≤12 οχήματα) αποκλείει μεγάλο συμβάν. Το «<10 ha» είναι ΣΥΜΠΕΡΑΣΜΑ, όχι μέτρηση, και δεν προσμετράται στα αθροίσματα. | X58: 2026-09-08 | Y58: 9 | Z58: 0 | AA58: =IF('Στατιστικά'!$C$6,1,IFERROR(INDEX('Στατιστικά'!$C$10:$C$83,MATCH(G58,'Στατιστικά'!$B$10:$B$83,0))*1,0)) -> 1
A59: 46269 | B59: 14:30 | E59: Θίνες Βαρθολομιού | F59: Δυτική Ελλάδα | G59: Ηλείας | H59: Πηνειού | I59: 38 | J59: 9 | K59: 0 | L59: 1 | M59: 2 ομάδες πεζοπόρου 18ης ΕΜΟΔΕ | N59: υδροφόρες Δήμου Πηνειού | Q59: 4 | R59: ΠΟΛΥ ΥΨΗΛΗ | S59: υπό έλεγχο | U59: 112 15:03: προειδοποίηση ετοιμότητας για Θίνες Βαρθολομιού | V59: https://www.cnn.gr/ellada/story/550784/fotia-sto-vartholomio-ileias-epixeirei-kai-ena-elikoptero ; https://www.enikos.gr/society/ileia-fotia-se-agrotodasiki-ektasi-sto-vartholomio-ichise-to-112-gia-etoimotita/2628499/ ; https://www.ilialive.gr/epikaira/436536/vartholomio-ypo-elegxo-i-pyrkagia-konta-stis-thines-paramenoun-sto-simeio-oi-dynameis-pyrosvesis ; https://dete.gr/fotia-se-agrotodasiki-ektasi-stis-thines-vartholomiou/ ; https://www.patrisnews.com/fotia-se-agrotodasiki-ektasi-stis-thines-vartholomioy-megali-kinitopoiisi-tis-pyrosvestikis/ | W59: Αγροτοδασική έκταση. Δυνάμεις παρέμειναν στο σημείο μετά τον έλεγχο. | X59: 2026-09-04 | Y59: 9 | Z59: 0 | AA59: =IF('Στατιστικά'!$C$6,1,IFERROR(INDEX('Στατιστικά'!$C$10:$C$83,MATCH(G59,'Στατιστικά'!$B$10:$B$83,0))*1,0)) -> 1
A60: 46269 | B60: 14:00 | C60: 15:00 | E60: Λεσίνι Ξηρομέρου | F60: Δυτική Ελλάδα | G60: Αιτωλοακαρνανίας | H60: Ξηρομέρου | I60: 28 | J60: 7 | K60: 6 | L60: 1 | M60: 1 ομάδα πεζοπόρου 6ης ΕΜΟΔΕ | N60: δημοτικά οχήματα Δήμου Ξηρομέρου | Q60: 4 | R60: ΠΟΛΥ ΥΨΗΛΗ | S60: υπό έλεγχο | T60: υπό διερεύνηση | V60: https://www.newsit.gr/ellada/fotia-stin-aitoloakarnania-stin-perioxi-lesini-7-enaeria-epicheiroun-sto-pyrino-metopo/4765488/ ; https://www.in.gr/2026/09/04/greece/fotia-stin-aitoloakarnania-sikothikan-7-enaeria-mesa ; https://www.agriniosite.gr/synagermos-sto-lesini-megali-epicheirisi-tis-pyrosvestikis-gia-ti-fotia/ ; https://messolonghivoice.gr/aitoloakarnania-fotia-sto-lesini-xiromerou-megali-kinitopoiisi-tis-pyrosvestikis-me-7-enaeria-mesa ; https://www.enikos.gr/society/aitoloakarnania-fotia-se-chamili-vlastisi-sto-xiromero-epicheiroun-kai-7-enaeria-mesa/2638637/ ; https://www.naftemporiki.gr/society/2157165/fotia-tora-sto-xiromero-aitoloakarnanias-sti-machi-7-enaeria-mesa/ ; https://www.newsit.gr/ellada/fotia-stin-aitoloakarnania-stin-perioxi-lesini-7-enaeria-epixeiroun-sto-pyrino-metopo/4765488/ ; https://www.tanea.gr/2026/09/04/greece/fotia-sto-ksiromero-aitoloakarnanias-sikothikan-7-enaeria-mesa ; https://newpost.gr/eidiseis/lesini-aitoloakarnanias-pyrkagia-se-chamili-vlastisi-paramenoyn-ta-ochimata-sto-simeio/ | W60: Χαμηλή βλάστηση. Δεν κινδύνευε κατοικημένη περιοχή. | ΕΣΚΕΔΙΚ παρακολουθεί με drone θερμικών/οπτικών καμερών. Κλιμάκιο Εμπρησμού ενεργοποιήθηκε. Χαμηλή βλάστηση. | X60: 2026-09-07 | Y60: 9 | Z60: 0 | AA60: =IF('Στατιστικά'!$C$6,1,IFERROR(INDEX('Στατιστικά'!$C$10:$C$83,MATCH(G60,'Στατιστικά'!$B$10:$B$83,0))*1,0)) -> 1
A61: 46269 | B61: 13:45 | E61: Ασπρόχωμα | F61: Πελοπόννησος | G61: Μεσσηνίας | I61: 20 | J61: 9 | K61: 2 | L61: 1 | N61: υδροφόρες ΟΤΑ | P61: <10 ha | Q61: 4 | R61: ΠΟΛΥ ΥΨΗΛΗ | S61: σε εξέλιξη | V61: https://www.cnn.gr/ellada/story/550781/fotia-stin-perioxi-asproxoma-messinias-sikothike-ena-elikoptero ; https://www.enikos.gr/society/fotia-sto-asprochoma-messinias-sikothikan-kai-2-aeroskafi/2638644/ ; https://www.firefightingreece.gr/2026/09/04/pyrkagia-sto-asprochoma-messinias-epicheiroun-20-pyrosvestes-kai-1-elikoptero/ ; https://www.parapolitika.gr/ellada/article/1786140/fotia-sti-messinia-stin-periohi-asprohoma-ishures-dunameis-sto-simeio-sti-mahi-kai-enaeria-mesa ; https://www.dnews.gr/eidhseis/ellada/608303/fotia-sto-asproxoma-messinias | W61: Αγροτοδασική έκταση. 2 αεροσκάφη ενισχύθηκαν σε μεταγενέστερη φάση. | ⚠ pyr_postfix 2026-09-23: έκταση μη δημοσιευμένη· η κλίμακα απόκρισης (≤25 πυροσβέστες, ≤4 εναέρια, ≤12 οχήματα) αποκλείει μεγάλο συμβάν. Το «<10 ha» είναι ΣΥΜΠΕΡΑΣΜΑ, όχι μέτρηση, και δεν προσμετράται στα αθροίσματα. | X61: 2026-09-06 | Y61: 9 | Z61: 0 | AA61: =IF('Στατιστικά'!$C$6,1,IFERROR(INDEX('Στατιστικά'!$C$10:$C$83,MATCH(G61,'Στατιστικά'!$B$10:$B$83,0))*1,0)) -> 1
A62: 46269 | B62: 12:00 | C62: 12:30 | E62: Αργιθέα Παιανίας | F62: Αττική | G62: Αττικής | H62: Παιανίας | I62: 74 | J62: 30 | K62: 2 | L62: 3 | M62: 2 ομάδες πεζοπόρου 1ης ΕΜΟΔΕ | N62: υδροφόρες Δήμου Παιανίας | Q62: 4 | R62: ΠΟΛΥ ΥΨΗΛΗ | S62: οριοθετήθηκε | T62: υπό διερεύνηση (Ανακριτικό Κλιμάκιο Εμπρησμού Αθηνών) | U62: 112 12:13: μήνυμα ετοιμότητας για Αργιθέα Παιανίας | 12:13 ετοιμότητα ευρύτερης περιοχής Αργιθέας Παιανίας | 112 12:13: ενημέρωση κατοίκων περιοχής Αργιθέα Παιανίας | 112 12:13: ετοιμότητα κατοίκων ευρύτερης περιοχής — να παραμείνουν σε ετοιμότητα και να ακολουθούν οδηγίες αρχών | V62: https://www.ertnews.gr/eidiseis/paiania-oriothetithike-i-pyrkagia-stin-argithea-paianias/ ; https://www.newsit.gr/ellada/fotia-stin-argithea-paianias-oriothetithike-mesa-se-30-lepta-stalthike-minyma-tou-112-gia-etoimotita/4765357/ ; https://www.newsbomb.gr/ellada/story/1761020/paiania-mesa-se-30-lepta-oriothetithike-i-fotia-provlimatizoun-ta-syxna-peristatika ; https://pelop.gr/fotia-stin-paiania-ichise-to-112-sti-machi-74-pyrosvestes-kai-5-enaeria-mesa/ ; https://www.in.gr/2026/09/04/greece/fotia-stin-paiania-minyma-apo-to-112-stous-katoikous-gia-etoimotita ; https://www.athensvoice.gr/epikairotita/ellada/983651/fotia-tora-stin-argithea-paianias-minuma-tou-112-stous-katoikous/ | W62: Οριοθέτηση εντός 30 λεπτών. Drone θερμικής κάμερας ΕΣΚΕΔΙΚ. Κυκλοφοριακές ρυθμίσεις που άρθηκαν αργότερα. | Οριοθετήθηκε σε ~30 λεπτά. Κλιμάκιο Εμπρησμού Ανατολικής Αττικής ενεργοποιήθηκε. Χαμηλή βλάστηση. | Χαμηλή βλάστηση. Οριοθετήθηκε εντός ~30 λεπτών. Παρακολούθηση με drone (θερμικές & οπτικές κάμερες). Ανακριτικό Κλιμάκιο Εμπρησμού Ανατολικής Αττικής ενεργοποιήθηκε. | Οριοθετήθηκε σε ~30 λεπτά μετά ταχεία επέμβαση εναέριων μέσων. Η control_time είναι εκτιμώμενη (~+30′). | X62: 2026-09-07 | Y62: 9 | Z62: 0 | AA62: =IF('Στατιστικά'!$C$6,1,IFERROR(INDEX('Στατιστικά'!$C$10:$C$83,MATCH(G62,'Στατιστικά'!$B$10:$B$83,0))*1,0)) -> 1
A63: 46269 | B63: 10:00 | E63: Ξηροπήγαδο Μάνδρας | F63: Αττική | G63: Αττικής | H63: Μάνδρα-Ειδυλλία | I63: 32 | J63: 13 | M63: 1 ομάδα πεζοπόρων (1η ΕΜΟΔΕ) | N63: υδροφόρες Δήμου Μάνδρας-Ειδυλλίας & Δήμου Ασπροπύργου, μηχανήματα Περιφέρειας Δυτ. Αττικής | Q63: 4 | R63: ΠΟΛΥ ΥΨΗΛΗ | S63: υπό έλεγχο | T63: ξερά χόρτα και απορρίμματα | U63: 112 ~10:30 (4 Σεπτ): προειδοποίηση για πυκνούς καπνούς — παραμονή εντός κτηρίου με κλειστές πόρτες/παράθυρα (τύπος: ετοιμότητα, όχι εκκένωση) | ναι | V63: https://www.ertnews.gr/eidiseis/mandra-enisxythikan-oi-dynameis-stin-pyrkagia-sto-ksiropigado-minyma-apo-to-112/ ; https://www.tovima.gr/2026/09/04/society/fotia-tora-sti-mandra-minyma-apo-to-112-isxyres-dynameis-sto-ksiropigado ; https://www.naftemporiki.gr/society/2157012/fotia-tora-sti-mandra-kinitopoiisi-tis-pyrosvestikis/ ; https://www.flash.gr/fotia-tora-sto-xiropigado-mandras-pyknoi-mayroi-kapnoi-stin-periochi-ichise-to-112-1079746 ; https://www.tanea.gr/2026/09/04/greece/mandra-fotia-stin-perioxi-ksiropigado-kaigontai-ksera-xorta-kai-aporrimmata/ ; https://www.newsit.gr/ellada/fotia-stin-mandra-kaiei-skoupidia-sto-ksiropigado-minyma-tou-112-gia-etoimotita-kai-gia-pyknous-kapnous-enisxythikan-oi-dynameis/4765283/ ; https://www.ertnews.gr/eidiseis/mandra-ypo-elegxo-i-pyrkagia-sto-ksiropigado/ | W63: Κυκλοφοριακές ρυθμίσεις στην είσοδο οικισμού από Παλ. Εθν. Οδό Αθηνών-Κορίνθου. Κινητοποίηση ανακριτικής ομάδας εμπρησμού Δυτ. Αττικής. | X63: 2026-09-04 | Y63: 9 | Z63: 0 | AA63: =IF('Στατιστικά'!$C$6,1,IFERROR(INDEX('Στατιστικά'!$C$10:$C$83,MATCH(G63,'Στατιστικά'!$B$10:$B$83,0))*1,0)) -> 1
A64: 46269 | E64: Βλάχα Πιερίας | F64: Κεντρική Μακεδονία | G64: Πιερίας | H64: Κατερίνης | L64: 1 | P64: 1.5 | S64: κατασβέστηκε | V64: https://www.firefightingreece.gr/2026/09/04/pyrkagia-se-chamili-vlastisi-stin-periochi-vlacha-pieria/ ; https://odelalis.gr/pieria-fotia-sti-vlacha-kindynepse-fotovoltaiko-parko-vid/ | W64: 2 στύλοι ΔΕΔΔΗΕ κατέπεσαν, κινδύνεψε φωτοβολταϊκό πάρκο. | Κινδύνεψε φωτοβολταϊκό πάρκο στην περιοχή. | X64: 2026-09-07 | Y64: 9 | Z64: 1.5 | AA64: =IF('Στατιστικά'!$C$6,1,IFERROR(INDEX('Στατιστικά'!$C$10:$C$83,MATCH(G64,'Στατιστικά'!$B$10:$B$83,0))*1,0)) -> 1
A65: 46269 | E65: Θεσπρωτικό | F65: Ήπειρος | G65: Πρέβεζας | H65: Δήμος Ζηρού | I65: 48 | J65: 16 | K65: 3 | L65: 2 | M65: 2 ομάδες πεζοπόρων | Q65: 3 | R65: ΥΨΗΛΗ | S65: οριοθετήθηκε | V65: https://www.alt.gr/foties-se-exelixi-se-fokida-messinia-k/ ; https://www.skai.gr/news/greece/preveza-fotia-se-agrotodasiki-ektasi-sto-thesprotiko ; https://www.enikos.gr/society/preveza-enischythikan-oi-dynameis-gia-tin-fotia-sto-thesprotiko/2638730/ ; https://www.iefimerida.gr/ellada/fotia-thesprotiko-prebezas-tessera-enaeria-mesa ; https://www.in.gr/2026/09/04/greece/fotia-sto-thesprotiko-prevezis-epixeiroun-5-enaeria-mesa ; https://www.newsbomb.gr/ellada/story/1761032/preveza-fotia-sto-thesprotiko-tou-dimou-ziroy-sikothikan-tessera-enaeria ; https://pelop.gr/megali-fotia-stin-preveza-epicheiroun-tria-aeroskafi-dyo-elikoptera-48-pyrosvestes-kai-16-ochimata/ ; https://www.npress.gr/greece/fotia-sto-thesprotiko-prevezas-enischythikan-oi-pyrosvestikes-dynameis-epicheiroun-5-enaeria-mesa/ | W65: Περιορισμένη πληροφόρηση. Αναφορά ~16:50. Εναέρια μέσα κινητοποιήθηκαν. | X65: 2026-09-06 | Y65: 9 | Z65: 0 | AA65: =IF('Στατιστικά'!$C$6,1,IFERROR(INDEX('Στατιστικά'!$C$10:$C$83,MATCH(G65,'Στατιστικά'!$B$10:$B$83,0))*1,0)) -> 1
A66: 46269 | E66: Πενταγιοί | F66: Στερεάς Ελλάδας | G66: Φωκίδας | I66: 18 | J66: 5 | K66: 1 | L66: 1 | M66: 1 ομάδα πεζοπόρων 4ης ΕΜΟΔΕ | N66: υδροφόρες ΟΤΑ | P66: <10 ha | Q66: 3 | R66: ΥΨΗΛΗ | V66: https://www.enikos.gr/society/fokida-fotia-se-dasiki-ektasi-stous-pentagious-sti-machi-kai-enaeria-mesa/2638669/ ; https://www.newsit.gr/ellada/fotia-sti-fokida-stin-perioxi-pentagioi-sikothike-1-elikoptero-kai-1-aeroskafos/4765573/ ; https://www.cnn.gr/ellada/story/550786/fotia-se-dasiki-ektasi-sti-fokida-sikothikan-dyo-enaeria-mesa ; https://www.lamiareport.gr/topika/topikanea/item/pyrkagia-sti-fokida-stin-perioxi-pentagioi-sikothike-1-elikoptero-kai-1-aeroskafos/ | W66: Δασική έκταση, μεσημέρι 4/9. | ⚠ pyr_postfix 2026-09-23: έκταση μη δημοσιευμένη· η κλίμακα απόκρισης (≤25 πυροσβέστες, ≤4 εναέρια, ≤12 οχήματα) αποκλείει μεγάλο συμβάν. Το «<10 ha» είναι ΣΥΜΠΕΡΑΣΜΑ, όχι μέτρηση, και δεν προσμετράται στα αθροίσματα. | X66: 2026-09-05 | Y66: 9 | Z66: 0 | AA66: =IF('Στατιστικά'!$C$6,1,IFERROR(INDEX('Στατιστικά'!$C$10:$C$83,MATCH(G66,'Στατιστικά'!$B$10:$B$83,0))*1,0)) -> 1
A67: 46268 | B67: 08:29 | E67: Συνέτι Άνδρου | F67: Νότιο Αιγαίο | G67: Ανδρου | H67: Άνδρου | I67: 8 | J67: 4 | K67: 2 | L67: 2 | M67: εθελοντές, υδροφόρες Δήμου Άνδρου, ιδιώτες | N67: υδροφόρες τοπικής αρχής | O67: εθελοντές | P67: <10 ha | Q67: 4 | R67: ΠΟΛΥ ΥΨΗΛΗ | S67: οριοθετήθηκε | T67: υπό διερεύνηση (Ανακριτικό Κλιμάκιο Εμπρησμών Κυκλάδων) | V67: https://www.tanea.gr/2026/09/03/greece/fotia-stin-andro-sti-maxi-kai-dyo-elikoptera ; https://www.tovima.gr/2026/09/03/society/fotia-sti-florina-olonyxtia-maxi-ekkenosi-meso-112-metopo-kai-stin-andro ; https://www.ertnews.gr/eidiseis/pyrkagia-sto-syneti-androu-epixeiroun-pyrosvestes-kai-enaeria-mesa/ ; https://www.skai.gr/news/greece/fotia-sto-syneti-tis-androu-sikothikan-dyo-elikoptera ; https://www.newsbomb.gr/ellada/story/1760679/andros-oriothetithike-i-fotia-sto-syneti ; https://cyclades24.gr/2026/09/pyrkagia-stin-periochi-synetiou-androu-amesi-kinitopoiisi-kai-apotelesmatiki-antimetopisi-foto/ ; https://cretaone.gr/andros-oriothetithike-i-pyrkagia/ | W67: Χαμηλή βλάστηση. Danger level 4 βάσει χάρτη ΓΓΠΠ 3/9 (Κυκλάδες-Αιγαίο πορτοκαλί) και ΜΜΕ (Red Code Αιγαίο). | Χαμηλή βλάστηση, ελαιώνες ανατολικά Συνετίου. Γρήγορος έλεγχος. | χαμηλή βλάστηση – ελαιώνες | ⚠ pyr_postfix 2026-09-23: έκταση μη δημοσιευμένη· η κλίμακα απόκρισης (≤25 πυροσβέστες, ≤4 εναέρια, ≤12 οχήματα) αποκλείει μεγάλο συμβάν. Το «<10 ha» είναι ΣΥΜΠΕΡΑΣΜΑ, όχι μέτρηση, και δεν προσμετράται στα αθροίσματα. | X67: 2026-09-08 | Y67: 9 | Z67: 0 | AA67: =IF('Στατιστικά'!$C$6,1,IFERROR(INDEX('Στατιστικά'!$C$10:$C$83,MATCH(G67,'Στατιστικά'!$B$10:$B$83,0))*1,0)) -> 1
A68: 46268 | E68: Αχινός Στυλίδας | F68: Στερεά Ελλάδα | G68: Φθιώτιδας | H68: Στυλίδας | I68: 20 | J68: 9 | K68: 2 | L68: 2 | P68: <10 ha | S68: σε εξέλιξη | V68: https://www.newsit.gr/ellada/fotia-sti-fthiotida-stin-perioxi-axinos-epixeiroun-enaeria-mesa/4764714/ ; https://www.tanea.gr/2026/09/03/greece/fotia-se-ekseliksi-ston-axino-stylidas-sti-fthiotida-sikothikan-4-enaeria-mesa ; https://www.thetoc.gr/koinwnia/article/fotia-tora-sti-fthiotida-epixeiroun-enaeria-mesa-stin-perioxi-axinos/ | W68: | ⚠ pyr_postfix 2026-09-23: έκταση μη δημοσιευμένη· η κλίμακα απόκρισης (≤25 πυροσβέστες, ≤4 εναέρια, ≤12 οχήματα) αποκλείει μεγάλο συμβάν. Το «<10 ha» είναι ΣΥΜΠΕΡΑΣΜΑ, όχι μέτρηση, και δεν προσμετράται στα αθροίσματα. | X68: 2026-09-05 | Y68: 9 | Z68: 0 | AA68: =IF('Στατιστικά'!$C$6,1,IFERROR(INDEX('Στατιστικά'!$C$10:$C$83,MATCH(G68,'Στατιστικά'!$B$10:$B$83,0))*1,0)) -> 1
A69: 46268 | E69: Δασιά Κέρκυρας | F69: Ιόνια Νησιά | G69: Κέρκυρας | H69: Κέρκυρας | J69: 10 | M69: Κλιμάκιο ΕΜΟΔΕ | P69: 0.1 | Q69: 2 | R69: ΜΕΣΗ | S69: οριοθετήθηκε | V69: https://corfutvnews.gr/kerkyra-fotia-stin-dasia-oriothetithike-amesa/ ; https://www.news.gr/ellada/article/4205744/oriothetithike-i-fotia-sti-dasia-kerkiras.html ; https://www.pireasnews.gr/oriothetithike-i-fotia-sti-dasia-kerkyras/ | W69: Πυρκαγιά μεσημέρι 3/9 σε παραλιακή-δασική περιοχή Δασιάς. Οριοθετήθηκε αμέσως. Δεν ήταν δυνατή πλήρης ανάκτηση άρθρου (HTTP 403). | Εκδηλώθηκε λίγο πριν τις 14:00, οριοθετήθηκε άμεσα. Καμένη έκταση ~1 στρέμμα (0.1 ha) — εμφανίστηκε μόνο σε snippet μηχανής αναζήτησης, χαμηλή εμπιστοσύνη. Κέρκυρα σε κατηγορία κινδύνου 4 (Πολύ Υψηλός). | X69: 2026-09-04 | Y69: 9 | Z69: 0.1 | AA69: =IF('Στατιστικά'!$C$6,1,IFERROR(INDEX('Στατιστικά'!$C$10:$C$83,MATCH(G69,'Στατιστικά'!$B$10:$B$83,0))*1,0)) -> 1
A70: 46267 | B70: 21:15 | E70: Ασπρόπυργος Αττικής (Λάκκα Κάτσαρη) | F70: Αττική | G70: Αττικής | H70: Ασπρόπυργος | I70: 38 | J70: 14 | K70: 0 | L70: 0 | Q70: 3 | R70: ΥΨΗΛΗ | S70: κατασβέστηκε | T70: υπό διερεύνηση (Ανακριτικό Κλιμάκιο Αντιμετώπισης Εγκλημάτων Εμπρησμού Δυτικής Αττικής) | V70: https://www.tanea.gr/2026/09/02/greece/fotia-se-xamili-vlastisi-konta-ston-proastiako-ston-aspropyrgo ; https://www.tanea.gr/2026/09/02/greece/esvise-i-fotia-ston-aspropyrgo ; https://www.newsbeast.gr/greece/arthro/13329896/katasvestike-i-pyrkagia-ston-aspropyrgo-epicheirisan-12-pyrosvestes ; https://www.naftemporiki.gr/society/2143853/fotia-tora-ston-aspropyrgo-kaiei-konta-se-katoikies/ ; https://www.liberal.gr/ellada/pyrkagia-sti-thesi-lakka-katsari-ston-aspropyrgo-attikis ; https://www.ertnews.gr/eidiseis/ellada/aspropyrgos-pyrkagia-stin-perioxi-lakka-katsari-epi-topou-i-pyrosvestiki/ | W70: Πυρκαγιά σε χαμηλή βλάστηση κοντά στον Προαστιακό σιδηρόδρομο. Κατασβέστηκε σύντομα. Χάρτης ΓΓΠΠ 02/09: Αττική κίτρινο = κατηγορία 3. | Θέση: Λάκκα Κάτσαρη, πλησίον γραμμών Προαστιακού. Κατεσβέσθη χωρίς σημαντική εξάπλωση. | Χαμηλή βλάστηση κοντά σε γραμμές Προαστιακού. Αρχικά 12 πυροσβέστες, 4 οχήματα· τελικά 38 πυροσβέστες, 14 οχήματα. Κινητοποίηση Ομάδας Διερεύνησης Εμπρησμών Δυτικής Αττικής. Αναφορά και για δεύτερο μέτωπο στον Ασπρόπυργο (ξερά χόρτα). | Χαμηλή βλάστηση, τοποθεσία Λάκκα Κατσαρής. Γρήγορη κατάσβεση. | Διεκόπη σιδηροδρομική κυκλοφορία τμήματος Νέα Πέραμος–Άνω Λιόσια στις 21:40 και ηλεκτροδότηση τμήματος Λουτρόπυργος–Άνω Λιόσια. Παρακολούθηση ΕΣΚΕΔΙΚ με drone (θερμική/οπτική κάμερα). | X70: 2026-09-04 | Y70: 9 | Z70: 0 | AA70: =IF('Στατιστικά'!$C$6,1,IFERROR(INDEX('Στατιστικά'!$C$10:$C$83,MATCH(G70,'Στατιστικά'!$B$10:$B$83,0))*1,0)) -> 1
A71: 46267 | B71: 21:00 | E71: Σπαθόβουνι Κορινθίας | F71: Πελοπόννησος | G71: Κορινθίας | H71: Κορινθίων | I71: 29 | J71: 10 | K71: 0 | L71: 0 | M71: 1 ομάδα πεζοπορίας (9η ΕΜΟΔΕ) | Q71: 3 | R71: ΥΨΗΛΗ | S71: υπό έλεγχο | T71: πυρκαγιά σε αγροτική έκταση (ελαιώνας) | V71: https://www.iapogevmatini.gr/ellada/281352/pyrkagies-se-korinthia-kai-florina-minyma-toy-112-stin-krystallopigi/ ; https://www.pentapostagma.gr/ethnika-themata/esoteriki-asfaleia/7387891_ypo-elegho-i-pyrkagia-sto-spathoboyni-korinthias ; https://www.skai.gr/news/greece/korinthia-fotia-sto-spathovouni ; https://www.documentonews.gr/article/fotia-tora-sto-spathovouni-korinthias-megali-kinitopoiisi-tis-pyrosvestikis/ ; https://www.protothema.gr/greece/article/1873116/fotia-tora-sto-spathovouni-korinthias-kinitopoiisi-tis-purosvestikis/ ; https://toedolio5.gr/2026/09/02/korinthia-fotia-sto-spathovouni-epicheiroun-19-pyrosvestes-me-exi-ochimata/ ; https://newpost.gr/eidiseis/korinthia-nychterini-machi-me-tis-floges-sto-spathovoyni-sto-simeio-i-9i-emode/ ; https://www.naftemporiki.gr/society/2156429/ypo-elegcho-i-pyrkagia-sto-spathovoyni-korinthias/ | W71: Φωτιά σε ελαιώνα (αγροτική έκταση Καλεντζίου Κορινθίας). Drone εποπτείας ESKEDDIK με θερμική/οπτική κάμερα. Νυχτερινή μάχη με τις φλόγες. | Αγροτοδασική έκταση. Εκδηλώθηκε βράδυ 2/9. Δεν εντοπίστηκε σήμα 112. | Νυχτερινή επιχείρηση χωρίς εναέρια μέσα λόγω σκότους. | Αγροτοδασική έκταση / ελαιώνας Καλεντζίου. Drone ΕΣΚΕΔΙΑ (θερμικές+οπτικές). Αρχικές δυνάμεις 19 πυροσβέστες, 6 οχήματα — κλιμακώθηκαν σε 29 και 10. Καμένη έκταση δεν επιβεβαιώθηκε. | Νυχτερινή επιχείρηση. Δεν εστάλη 112. Αγροτοδασική έκταση. | Ενεργό μέτωπο βράδυ 2/9. Δεν εντοπίστηκε 112 για Σπαθόβουνι. | Αγροτοδασική έκταση. Drone ΕΣΚΕΔΙΚ με θερμική κάμερα στο πεδίο. Danger level κατ. 3 επιβεβαιωμένο από πηγή. | Αγροτοδασική έκταση. Βράδυ 02/09. Danger level βάσει χάρτη 02/09 (Κορινθία = κίτρινο). | X71: 2026-09-06 | Y71: 9 | Z71: 0 | AA71: =IF('Στατιστικά'!$C$6,1,IFERROR(INDEX('Στατιστικά'!$C$10:$C$83,MATCH(G71,'Στατιστικά'!$B$10:$B$83,0))*1,0)) -> 1
A72: 46267 | B72: 18:00 | E72: Κρυσταλλοπηγή Φλώρινας | F72: Δυτική Μακεδονία | G72: Φλώρινας | H72: Πρεσπών | I72: 42 | J72: 13 | K72: 3 | L72: 1 | M72: 2 ομάδες πεζοπόρων (8η ΕΜΟΔΕ) | N72: υδροφόρες και μηχανήματα έργου Δήμου Πρεσπών και Περιφέρειας Δυτικής Μακεδονίας | Q72: 2 | R72: ΜΕΣΗ | S72: υπό έλεγχο | T72: υπό διερεύνηση | U72: 112 21:15 (2/9): ενημέρωση κατοίκων Κρυσταλλοπηγής λόγω πυρκαγιάς· 112 02:50 (3/9): προληπτική εκκένωση ευρύτερης περιοχής Κρυσταλλοπηγής — απομάκρυνση προς Πρέσπες μέσω παλαιών οδικών δικτύων ή Εγνατίας Οδού | 1ο σήμα 21:15 (2/9): ετοιμότητα κατοίκων ευρύτερης περιοχής Κρυσταλλοπηγής· 2ο σήμα 02:50 (3/9): προληπτική εκκένωση οικισμού Κρυσταλλοπηγής προς Πρέσπες μέσω παλαιού οδικού δικτύου ή Εγνατίας Οδού | 112 21:15 (2 Σεπτ): ειδοποίηση κατοίκων Κρυσταλλοπηγής· 112 02:50 (3 Σεπτ): εντολή προληπτικής εκκένωσης οικισμού Κρυσταλλοπηγής προς Πρέσπες μέσω Παλαιού Οδικού Δικτύου ή Εγνατίας Οδού | 112 02:50 (03/09): προληπτική εκκένωση οικισμού Κρυσταλλοπηγής προς Πρέσπες (παλαιό οδικό δίκτυο ή Εγνατία Οδός) | 02:50 03/09/2026 — εκκένωση Κρυσταλλοπηγής (ανακλήθηκε αργότερα) | 112 02:50 (3/9): προληπτική εκκένωση Κρυσταλλοπηγής προς Πρέσπα μέσω παλιών οδικών δικτύων ή Εγνατίας· 2/9 βράδυ: ετοιμότητα κατοίκων | 112 (νύχτα 02→03/09, ~02:50): δύο μηνύματα — εκκένωση κατοίκων προς Πρέσπες (Παλαιό Οδικό Δίκτυο ή Εγνατία) και εκκένωση οικισμού Κρυσταλλοπηγής | 112 02:50 03/09: προληπτική εκκένωση Κρυσταλλοπηγής· κατεύθυνση Πρέσπες (Παλαιό Οδ. Δίκτυο ή Εγνατία)· κάτοικοι επέστρεψαν πρωί 03/09 μετά βελτίωση εικόνας | 112 βράδυ 02/09: ετοιμότητα κατοίκων Κρυσταλλοπηγής· 112 02:50 03/09: εκκένωση Κρυσταλλοπηγής προς Πρέσπες μέσω παλαιού οδικού δικτύου ή Εγνατίας | V72: https://www.ertnews.gr/eidiseis/diethni/pyrkagia-stin-krystallopigi-enisxythikan-oi-pyrosvestikes-dynameis-ixise-to-112/ ; https://www.newsit.gr/ellada/fotia-sti-florina-olonyxtia-i-maxi-me-tis-floges-enisxythikan-oi-dynameis-ekkenothike-i-krystallopigi/4764315/ ; https://www.tanea.gr/2026/09/03/greece/fotia-sti-florina-olonyxtia-i-maxi-me-tis-floges-enisxythikan-oi-dynameis-112-gia-ekkenosi-tis-krystallopigis ; https://www.vradini.gr/ellada/nyxta-agonias-sti-florina-megali-dasiki-fotia-stin-krystallopigi-ekkenosi-pros-prespes/1661118/ ; https://newpost.gr/eidiseis/florina-olonychtia-machi-me-tis-floges-stin-krystallopigi-minyma-toy-112-gia-apomakrynsi/ ; https://katohika.gr/ellada/florina-nychterini-ekkenosi-tis-krystallopigis-logo-dasikis-pyrkagias/ ; https://www.iapogevmatini.gr/ellada/281352/pyrkagies-se-korinthia-kai-florina-minyma-toy-112-stin-krystallopigi/ ; https://www.ertnews.gr/roi-idiseon/florina-mainetai-i-fotia-stin-krystallopigi-apeilisan-spitia-oi-floges/ ; https://www.tovima.gr/2026/09/03/society/fotia-sti-florina-olonyxtia-maxi-ekkenosi-meso-112-metopo-kai-stin-andro ; https://www.ertnews.gr/eidiseis/pyrkagia-stin-krystallopigi-enisxythikan-oi-pyrosvestikes-dynameis-ixise-to-112/ ; https://www.naftemporiki.gr/society/2156459/florina-enischythikan-oi-dynameis-stin-krystallopigi-proliptiki-apomakrynsi-katoikon-me-112/ ; https://www.iefimerida.gr/ellada/fotia-florina-112-ekkenosi-krystallopigi-ximeromata ; https://www.formedia.gr/2026/09/03/fotia-sti-florina-enischythikan-oi-dynameis-stin-krystallopigi-ichise-112-gia-ekkenosi/ ; https://neaflorina.gr/2026/09/ypo-meriko-elegcho-i-fotia-stin-krystallopigi/ ; https://www.enikos.gr/society/florina-mainetai-i-fotia-se-dasiki-ektasi-stin-krystallopigi-enischythikan-oi-pyrosvestikes-dynameis/2637980/ ; https://www.pentapostagma.gr/ethnika-themata/esoteriki-asfaleia/7387900_florina-olonyhtia-mahi-me-tis-floges-ekkenothike-i ; https://www.emakedonia.gr/krystallopigi-florinas-olonychtia-machi-me-tis-floges-sto-simeio-42-pyrosvestes-kai-ena-elikoptero-824154 ; https://www.ertnews.gr/perifereiakoi-stathmoi/florina/veltiomeni-i-eikona-tis-pyrkagias-stin-krystallopigi-florinas/ ; https://www.documentonews.gr/article/fotia-sti-florina-112-ta-ximeromata-gia-tin-krystallopigi-olonychtia-machi-me-tis-floges/ ; https://newpost.gr/eidiseis/florina-pyrkagia-se-dasiki-ektasi-stin-krystallopigi-prespon-sti-machi-kai-enaeria-mesa/ ; https://www.eleftherostypos.gr/ellada/mainetai-i-fotia-sti-florina-enischythikan-oi-dynameis-stin-krystallopigi-ichisan-dyo-minymata-apo-to-112 ; https://www.athensvoice.gr/epikairotita/ellada/983395/sunehizetai-i-mahi-me-ti-fotia-se-dasiki-ektasi-sti-florina/ ; https://www.real.gr/koinonia/arthro/mainetai-i-fotia-stin-krystallopigi-florinas-enischythikan-oi-pyrosvestikes-dynameis-ichise-to-112-912777/ ; https://www.libre.gr/2026/09/03/florina-synechizetai-i-machi-me-ti-fotia/ ; https://www.thestival.gr/eidiseis/astynomika/synechizetai-i-machi-me-ti-fotia-sti-flor/ | W72: Πυρκαγιά ξέσπασε απόγευμα Τετάρτης 2/9 σε ορεινή-δύσβατη περιοχή. Ολονύχτια μάχη με τις φλόγες. Εκκενώθηκε η Κρυσταλλοπηγή τα ξημερώματα 3/9. Χάρτης ΓΓΠΠ 02/09: Φλώρινα μπλε = κατηγορία 2. Χάρτης 03/09: Φλώρινα κίτρινο = κατηγορία 3. | Δύσβατη, δυσπρόσιτη περιοχή. 2 αεροσκάφη διακόπηκαν στο σκοτάδι· 1 ελικόπτερο συνέχισε αξημέρωτα. Νυχτερινή εκκένωση μέσω 112. Ακόμα σε εξέλιξη πρωί 3/9. | Έναρξη απόγευμα 2 Σεπτ· ολονύχτια μάχη· ελικόπτερο επιχείρησε από χαράματα 3 Σεπτ. Δύσκολο/δυσπρόσιτο δασικό έδαφος. Φλόγες απείλησαν κατοικίες. Κατάσταση 'σε εξέλιξη' βάσει αναφοράς 10:06 3 Σεπτ. | Εξαιρετικά δυσπρόσιτο σημείο. 2 αεροσκάφη σταμάτησαν στο ηλιοβασίλεμα 02/09 — 1 ελικόπτερο ξεκίνησε τα ξημερώματα 03/09. Ολονύχτια επίγεια επιχείρηση. | Μερικός έλεγχος τα ξημερώματα 03/09. Η πυρκαγιά περιορίστηκε στο βουνό, μακριά από οικισμούς. Εναέρια διακόπηκαν τη νύχτα, επαναλειτούργησαν τα ξημερώματα. Αρχικές δυνάμεις: 20 πυροσβέστες, 1 ομάδα ΕΜΟΔΕ, 6 οχήματα, 2 αεροσκάφη. Καμένη έκταση δεν επιβεβαιώθηκε. | Νυχτερινή εκκένωση. Εναέρια διακόπηκαν στο ηλιοβασίλεμα 2/9, επανεκκίνηση αυγή 3/9. Απείλησε κατοικίες. Δύσβατο έδαφος. | Εναέρια υποστήριξη διακόπηκε στο ηλιοβασίλεμα 02/09. Ολονύχτια μάχη. Δυνάμεις ενισχύθηκαν 03/09. Ελικόπτερα εκτελούσαν αποστολές (tovima.gr). | Φλόγες πλησίασαν 250μ από πρώτα σπίτια. Εναέρια (3 Air Tractors) διακόπηκαν στο ηλιοβασίλεμα. Δύσβατη δασική έκταση. | Πυρκαγιά ξεκίνησε απόγευμα 02/09 σε δασική έκταση δύσβατης θέσης. Εναέρια διακόπηκαν στο ηλιοβασίλεμα. Νυχτερινή εκκένωση 02:50 03/09 — δυνάμεις 42 πυροσβέστες/13 οχήματα αφορούν 03/09. Οι φλόγες απείλησαν σπίτια. Danger level βάσει χάρτη 02/09 (Φλώρινα = μπλε). | X72: 2026-09-06 | Y72: 9 | Z72: 0 | AA72: =IF('Στατιστικά'!$C$6,1,IFERROR(INDEX('Στατιστικά'!$C$10:$C$83,MATCH(G72,'Στατιστικά'!$B$10:$B$83,0))*1,0)) -> 1
A73: 46267 | B73: 18:00 | E73: Κρυσταλλοπηγή Φλώρινας | F73: Δυτική Μακεδονία | G73: Φλωρίνης | H73: Δήμος Πρεσπών | I73: 42 | J73: 13 | K73: 2 | L73: 1 | M73: 2 ομάδες πεζοπόρων 8ης ΕΜΟΔΕ | N73: Δήμος Φλώρινας, Περιφέρεια Δυτικής Μακεδονίας (βυτιοφόρα, μηχανήματα) | Q73: 2 | R73: ΜΕΣΗ | S73: σε εξέλιξη | U73: 112 21:15 (02/09): ειδοποίηση κατοίκων· 112 02:50 (03/09): προληπτική εκκένωση Κρυσταλλοπηγής → Πρέσπες μέσω παλιού οδικού δικτύου ή Εγνατίας Οδού | 22:10 2/9: 112 ετοιμότητα Κρυσταλλοπηγής· 02:50 3/9: εκκένωση Κρυσταλλοπηγής προς Πρέσπες μέσω παλαιού οδικού δικτύου ή Εγνατίας Οδού | 2/9 βράδυ: 112 ετοιμότητα Κρυσταλλοπηγής («Παραμείνετε σε ετοιμότητα και ακολουθείτε τις οδηγίες των Αρχών»)· 3/9 πρωί: 112 εκκένωση Κρυσταλλοπηγής προς Πρέσπες μέσω παλιού οδικού δικτύου ή Εγνατίας | V73: https://www.ertnews.gr/eidiseis/diethni/pyrkagia-stin-krystallopigi-enisxythikan-oi-pyrosvestikes-dynameis-ixise-to-112/ ; https://www.ertnews.gr/roi-idiseon/florina-mainetai-i-fotia-stin-krystallopigi-minyma-apo-to-112-gia-apomakrynsi-ton-katoikon-pros-prespes/ ; https://www.tanea.gr/2026/09/03/greece/fotia-sti-florina-olonyxtia-i-maxi-me-tis-floges-enisxythikan-oi-dynameis-112-gia-ekkenosi-tis-krystallopigis ; https://www.documentonews.gr/article/fotia-sti-florina-112-ta-ximeromata-gia-tin-krystallopigi-olonychtia-machi-me-tis-floges/ ; https://www.newsit.gr/ellada/fotia-sti-florina-olonyxtia-i-maxi-me-tis-floges-enisxythikan-oi-dynameis-ekkenothike-i-krystallopigi/4764315/ ; https://www.pentapostagma.gr/ethnika-themata/esoteriki-asfaleia/7387900_florina-olonyhtia-mahi-me-tis-floges-ekkenothike-i ; https://katohika.gr/ellada/florina-nychterini-ekkenosi-tis-krystallopigis-logo-dasikis-pyrkagias/ ; https://www.iapogevmatini.gr/ellada/281352/pyrkagies-se-korinthia-kai-florina-minyma-toy-112-stin-krystallopigi/ ; https://www.eleftherostypos.gr/ellada/fotia-sti-florina-olonychtia-machi-me-tis-floges-ichise-to-112-gia-ekkenosi-tis-krystallopigis ; https://ecozen.gr/2026/09/fotia-stin-krystallopigi-enischyontai-oi-pyrosvestikes-dynameis/ ; https://fouit.gr/2026/09/02/krystallopigi-minyma-apo-to-112-gia-tin-pyrkagia/ ; https://www.real.gr/koinonia/arthro/florina-minyma-tou-112-gia-dasiki-pyrkagia-stin-krystallopigi-912712/ ; https://www.ertnews.gr/roi-idiseon/florina-mainetai-i-fotia-stin-krystallopigi-apeilisan-spitia-oi-floges/ | W73: Δυσπρόσιτη/δύσβατη θέση — δυσχέρεια επίγειων επιχειρήσεων. Ολονύχτια μάχη. Εκκενώθηκε ο οικισμός Κρυσταλλοπηγής. Πυρκαγιά συνεχίστηκε έως τουλάχιστον 03/09. Δυνάμεις ενισχύθηκαν κατά τη διάρκεια της νύχτας. | Αρχικά 2/9 απόγευμα: 20 πυροσβέστες, 6 οχήματα, 2 αεροσκάφη (διακόπηκαν στο ηλιοβασίλεμα). Ενίσχυση 3/9: 42 πυροσβέστες, 13 οχήματα, 1 ελικόπτερο (ρίψεις νερού από χαραυγή). Νυχτερινή εκκένωση 3/9 πρωί. | Δύσβατο/δυσπρόσιτο σημείο· γρήγορη επέκταση. Φλόγες απείλησαν σπίτια. Αρχικά 20 π/6 οχήματα· ενισχύθηκε. Εναέρια διακόπηκαν στο ηλιοβασίλεμα 2/9, 1 ελικόπτερο από αυγή 3/9. danger_level=2 αφορά 2/9· στις 3/9 Φλώρινα ήταν κατ. 3 (ΥΨΗΛΗ). | ⚠ pyr_postfix 2026-09-23: διπλοεγγραφή του ίδιου συμβάντος· η έκταση δεν προσμετράται (_έκταση0=0). Φέρουσα εγγραφή: γραμμή 72. | X73: 2026-09-05 | Y73: 9 | Z73: 0 | AA73: =IF('Στατιστικά'!$C$6,1,IFERROR(INDEX('Στατιστικά'!$C$10:$C$83,MATCH(G73,'Στατιστικά'!$B$10:$B$83,0))*1,0)) -> 1
A74: 46267 | B74: 15:00 | C74: 15:40 | E74: Παιανία | F74: Περιφέρεια Αττικής | G74: Αττικής | H74: Δήμος Παιανίας | I74: 32 | J74: 12 | K74: 0 | L74: 2 | M74: 1 ομάδα πεζοπόρου 1ης ΕΜΟΔΕ | O74: ναι | Q74: 3 | R74: ΥΨΗΛΗ | S74: οριοθετήθηκε | T74: υπό διερεύνηση | V74: https://www.tanea.gr/2026/09/02/greece/paiania-fotia-se-xamili-vlastisi-konta-stin-attiki-odo/ ; https://www.tanea.gr/2026/09/02/greece/oriothetithike-i-fotia-stin-paiania ; https://www.skai.gr/news/greece/fotia-stin-paiania-2 ; https://www.ertnews.gr/eidiseis/ypo-elegxo-i-pyrkagia-stin-paiania/ ; https://www.eleftherostypos.gr/ellada/fotia-tora-stin-paiania-synagermos-sto-archontiko-sti-machi-32-pyrosvestes-kai-elikoptera ; https://www.naftemporiki.gr/society/2156202/paiania-fotia-tora-konta-stin-attiki-odo/ ; https://www.koutipandoras.gr/article/fotia-tora-stin-paiania-konta-stin-attiki-odo-kaiei-kalliergeies-kai-fotovoltaika/ | W74: Χαμηλή βλάστηση κοντά στην Αττική Οδό (Αρχοντικό). Γρήγορη οριοθέτηση. | Ανακριτικό Κλιμάκιο Αντιμετώπισης Εγκλημάτων Εμπρησμού Ανατολικής Αττικής κινητοποιήθηκε. Κάηκαν καλλιέργειες, αμπέλια, ελιές και χώρος με φωτοβολταϊκά. Εντοπίσθηκε από πυροφύλακα. | X74: 2026-09-06 | Y74: 9 | Z74: 0 | AA74: =IF('Στατιστικά'!$C$6,1,IFERROR(INDEX('Στατιστικά'!$C$10:$C$83,MATCH(G74,'Στατιστικά'!$B$10:$B$83,0))*1,0)) -> 1
A75: 46267 | B75: 13:50 | E75: Μύτικας Θήβας | F75: Στερεά Ελλάδα | G75: Βοιωτίας | H75: Δήμος Θηβαίων | I75: 80 | J75: 25 | K75: 12 | L75: 9 | M75: 4 ομάδες πεζοπόρων (1η & 4η ΕΜΟΔΕ) | N75: Δήμος Θηβαίων, Περιφέρεια Στερεάς Ελλάδας (βυτιοφόρα, μηχανήματα ΓΓΑΕ) | O75: εθελοντές | P75: 300 | Q75: 3 | R75: ΥΨΗΛΗ | S75: οριοθετήθηκε | T75: Εργασίες καθαρισμού με καταστροφέα σε φωτοβολταϊκό πάρκο | V75: https://www.tanea.gr/2026/09/02/greece/voiotia-dyo-syllipseis-gia-tin-pyrkagia-ston-mytika-ksekinise-apo-ergasies-se-fotovoltaiko-parko ; https://www.thetoc.gr/koinwnia/article/fotia-tora-ston-mutika-thibas---stin-maxi-okto-aeroskafi/ ; https://www.ertnews.gr/roi-idiseon/pyrkagia-se-xamili-vlastisi-stin-perioxi-mytikas-tou-dimou-thivaion/ ; https://www.skai.gr/news/greece/dyo-syllipseis-gia-ti-megali-fotia-ston-mytika-voiotias ; https://www.eleftherostypos.gr/ellada/fotia-sti-thiva-veltiomeni-i-eikona-ston-mytika ; https://www.capital.gr/epikairotita/4014132/fotia-stin-perioxi-mutika-thibas/ ; https://www.efsyn.gr/ellada/1458794/fotia-ston-mytika-thivas-epiheiroyn-okto-aeroskafi-eikones-vinteo/ ; https://gr.euronews.com/my-europe/2026/09/02/ellada-megalh-pyrkagia-mytika-thibas-kinhtopoihsh-pyrosbestikhs ; https://www.newsbomb.gr/ellada/story/1760568/kalyteri-i-eikona-ton-pyrkagion-se-karysto-kai-mytika-thivas ; https://www.tanea.gr/2026/09/02/greece/fotia-ston-mytika-thivas-sikothikan-8-aeroskafi ; https://www.ertnews.gr/roi-idiseon/megali-fotia-ston-mytika-thivas-epixeiroun-okto-aeroskafi/ ; https://pelop.gr/fotia-ston-mytika-thivas-8-aeroskafi-sti-machi-42-pyrosvestes-kai-16-ochimata/ ; https://www.skai.gr/news/greece/veltiomeni-i-eikona-ton-pyrkagion-se-karysto-kai-mytika-thivas ; https://tvstar.gr/2026/09/03/se-yfesi-oi-pyrkagies-se-voiotia-kai-evvoia/ ; https://www.skai.gr/news/greece/enisxythikan-oi-dynameis-sti-fotia-stin-perioxi-mytikas-tou-dimou-thivaion ; https://www.newsit.gr/ellada/i-fotia-ston-mytika-thivas-ksekinise-apo-ergasies-katharismou-me-katastrofea-se-fotovoltaiko-parko-dyo-syllipseis/4764241/ ; https://www.cnn.gr/ellada/story/550529/pyrkagies-veltiomeni-i-eikona-se-karysto-kai-thiva-antimetopizontai-diaspartes-esties ; https://www.dikastiko.gr/eidhsh/dyo-syllipseis-gia-tin-pyrkagia-ston-mytika-thivas-xekinise-apo-ergasies-se-fotovoltaiko-parko/ | W75: Καμένη έκταση ~3.000 στρ. = 300 ha. Αιτία επιβεβαιωμένη: καταστροφέας σε φωτοβολταϊκό → 2 συλλήψεις (ΔΑΕΕ). 2 Chinook ΓΕΕΑ (στρατός) συνδράμουν. ΕΣΚΕΔΙΚ drone επιτήρηση. Ενισχυμένη εικόνα αργότερα: 80 πυρ./25 οχ./12 αεροσκ./6 ελικ. | Κορυφή δυνάμεων (Euronews): 80 πυροσβέστες, 12 αεροσκάφη, 9 ελικόπτερα (2 Chinook στρατιωτικά). Αρχικά (ertnews): 42 πυροσβέστες, 16 οχήματα, 8 αεροσκάφη, 1 ομάδα 4ης ΕΜΟΔΕ. Βελτίωση 2/9 απόγευμα. | 2 συλλήψεις από ΔΑΕΕ (Διεύθυνση Αντιμετώπισης Εγκλημάτων Εμπρησμού). ~3.000 στρέμματα ≈ 300 ha. Αρχικά 42 πυροσβέστες/16 οχήματα/8 αεροσκάφη· ενισχύθηκε σε τελικά μεγέθη. Στις 3/9 σε ύφεση. | Αιχμή: 20 εναέρια (12 α/φ + 6 ε/π + 2 Chinook). 2 συλλήψεις (53χρ. & 45χρ.). Βελτιωμένη εικόνα 21:15 3/9. Κίνδυνος πλημμυρών μετά την καταστροφή. | Καμένη έκταση >3.000 στρέμματα (≥300 ha) σύμφωνα με μεταγενέστερες αναφορές. Δύο συλλήψεις εργαζομένων σε φωτοβολταϊκό πάρκο. | X75: 2026-09-06 | Y75: 9 | Z75: 300 | AA75: =IF('Στατιστικά'!$C$6,1,IFERROR(INDEX('Στατιστικά'!$C$10:$C$83,MATCH(G75,'Στατιστικά'!$B$10:$B$83,0))*1,0)) -> 1
A76: 46267 | B76: 13:50 | E76: Μύτικας Θηβών | F76: Περιφέρεια Στερεάς Ελλάδας | G76: Βοιωτίας | H76: Δήμος Θηβαίων | I76: 80 | J76: 25 | K76: 12 | L76: 8 | M76: 4 ομάδες πεζοπόρου (1η, 4η ΕΜΟΔΕ κ.ά.) | N76: υδροφόρες Δήμου Θήβας, Περιφέρεια Στερεάς Ελλάδας, ΥΠΕΘΑ (2 Chinook) | O76: ναι | P76: 30 | Q76: 3 | R76: ΥΨΗΛΗ | S76: οριοθετήθηκε | T76: εργασίες καθαρισμού με καταστροφέα σε φωτοβολταϊκό πάρκο — 2 συλλήψεις | V76: https://gr.euronews.com/my-europe/2026/09/02/ellada-megalh-pyrkagia-mytika-thibas-kinhtopoihsh-pyrosbestikhs ; https://www.skai.gr/news/greece/veltiomeni-i-eikona-ton-pyrkagion-se-karysto-kai-mytika-thivas ; https://www.skai.gr/news/greece/enisxythikan-oi-dynameis-sti-fotia-stin-perioxi-mytikas-tou-dimou-thivaion ; https://www.newsit.gr/ellada/i-fotia-ston-mytika-thivas-ksekinise-apo-ergasies-katharismou-me-katastrofea-se-fotovoltaiko-parko-dyo-syllipseis/4764241/ ; https://www.tanea.gr/2026/09/02/greece/voiotia-dyo-syllipseis-gia-tin-pyrkagia-ston-mytika-ksekinise-apo-ergasies-se-fotovoltaiko-parko ; https://www.ertnews.gr/roi-idiseon/pyrkagia-se-xamili-vlastisi-stin-perioxi-mytikas-tou-dimou-thivaion/ ; https://www.protothema.gr/greece/article/1872886/fotia-tora-ston-mutika-thivas-epiheiroun-8-aeroskafi/ ; https://www.tanea.gr/2026/09/02/greece/fotia-ston-mytika-thivas-sikothikan-8-aeroskafi ; https://www.efsyn.gr/ellada/1458794/fotia-ston-mytika-thivas-epiheiroyn-okto-aeroskafi-eikones-vinteo/ ; https://www.firefightingreece.gr/2026/09/01/pyrosvestiki-24-agrotodasikes-pyrkagies-to-teleftaio-24oro-7/ ; https://www.dikastiko.gr/eidhsh/dyo-syllipseis-gia-tin-pyrkagia-ston-mytika-thivas-xekinise-apo-ergasies-se-fotovoltaiko-parko/ | W76: | ⚠ pyr_postfix 2026-09-23: διπλοεγγραφή του ίδιου συμβάντος· η έκταση δεν προσμετράται (_έκταση0=0). Φέρουσα εγγραφή: γραμμή 75. | X76: 2026-09-06 | Y76: 9 | Z76: 0 | AA76: =IF('Στατιστικά'!$C$6,1,IFERROR(INDEX('Στατιστικά'!$C$10:$C$83,MATCH(G76,'Στατιστικά'!$B$10:$B$83,0))*1,0)) -> 1
A77: 46267 | B77: 11:30 | E77: Κάρυστος Ευβοίας | F77: Στερεά Ελλάδα | G77: Ευβοίας | H77: Κάρυστος | I77: 76 | J77: 23 | K77: 9 | L77: 4 | M77: 1 ομάδα πεζοπόρου 20ης ΕΜΟΔΕ | N77: υδροφόρες Δήμου Καρύστου, Περιφέρεια Στερεάς Ελλάδας | O77: εθελοντές | P77: 103 | Q77: 3 | R77: ΥΨΗΛΗ | S77: υπό έλεγχο | T77: υπό διερεύνηση (ανακριτική ομάδα εμπρησμών Ευβοίας κινητοποιήθηκε) | U77: 112 11:45: ετοιμότητα κατοίκων και επισκεπτών στην ευρύτερη περιοχή της πυρκαγιάς στην Κάρυστο | 112 11:45 (2/9): ενημέρωση κατοίκων λόγω πυρκαγιάς· 112 12:22 (2/9): εκκένωση Θεατρούπολης — απομάκρυνση μέσω Παραλιακής Οδού προς Κάρυστο· 112 15:19 (2/9): εκκένωση ΟΣΜΑΕΣ και Ερωδιού — απομάκρυνση μέσω Παραλιακής Οδού προς Κάρυστο | 112 11:45: πληροφόρηση κατοίκων ευρύτερης περιοχής· 112 12:22: εκκένωση Θεατρούπολης → Κάρυστος (παραλιακή οδός)· 112 15:05: προληπτική εκκένωση ΟΣΜΑΕΣ & Ερωδιού → Κάρυστος (παραλιακή οδός)· επιπλέον 112 μηνύματα για εκκενώσεις νέων οικισμών (τρία μέτωπα) | 12:22 2/9: εκκένωση Θεατρούπολης προς Κάρυστο μέσω παράκτιας οδού | 1ο σήμα: ετοιμότητα κατοίκων περιοχής Καρύστου· 2ο σήμα 12:22: εκκένωση Θεατρούπολης προς Κάρυστο μέσω παραλιακής· 3ο σήμα 15:05: εκκένωση ΟΣΜΑΕΣ & Ερωδιού προς Κάρυστο μέσω παραλιακής | 112 12:22: εκκένωση Θεατρούπολης προς Κάρυστο (παραλιακή οδός) | 12:22 εκκένωση Θεατρούπολης προς Κάρυστο· νέο 112 εκκένωση Οσμάων προς Κάρυστο· νέο 112 εκκένωση Ερωδιού προς Κάρυστο (σύνολο: 3 οικισμοί εκκενώθηκαν) | 112 12:22: εκκένωση Θεατρούπολης προς Κάρυστο (παραλιακή οδός)· εκκένωση ΟΣΜΑΕΣ και Ερωδιός | 112 12:22 (02/09): άμεση εκκένωση Θεατρούπολης κατά μήκος Παραλιακής Οδού προς Κάρυστο | V77: https://www.ertnews.gr/eidiseis/eyvoia-pyrkagia-se-xamili-vlastisi-stin-karysto-112-gia-etoimotita/ ; https://www.naftemporiki.gr/society/2156097/eyvoia-fotia-tora-stin-karysto-ichise-to-112/ ; https://www.skai.gr/news/greece/pyrkagia-se-xamili-vlastisi-stin-karysto-eyvoias-minyma-112-epixeiroun-6-enaeria ; https://www.documentonews.gr/article/fotia-tora-stin-karysto-112-gia-etoimotita/ ; https://www.flash.gr/fotia-tora-stin-karysto-ichise-to-112-1079374 ; https://www.ertnews.gr/eidiseis/eyvoia-pyrkagia-se-xamili-vlastisi-stin-karysto-112-gia-apomakrynsi-katoikon/ ; https://www.newsit.gr/ellada/fotia-stin-karysto-112-gia-ekkenosi-trion-perioxon/4763613/ ; https://www.in.gr/2026/09/02/greece/fotia-stin-karysto-enisxythikan-oi-dynameis-epixeiroun-60-pyrosvestes-kai-13-enaeria/ ; https://tomanifesto.gr/fotia-stin-karysto-estali-112-250708 ; https://www.capital.gr/epikairotita/4014126/purkagia-stin-karusto-peraitero-enisxusi-ton-purosbestikon-dunameon/ ; https://forest-fire.emergency.copernicus.eu/apps/effis.csv/ ; https://www.athensvoice.gr/epikairotita/ellada/983275/neo-minuma-apo-to-112-gia-ti-fotia-stin-karusto-ekkenonetai-periohi/ ; https://www.athensvoice.gr/epikairotita/ellada/983321/mainetai-i-megali-fotia-stin-karusto-neo-112-gia-ekkenosi-duo-periohon/ ; https://www.astratv.gr/karystos-tria-pyrina-metopa-nees-ek/ ; https://www.libre.gr/2026/09/02/fotia-stin-karysto-112-gia-ekkenosi-tis-th/ ; https://www.thepresident.gr/2026/09/02/minyma-to-quot-112-quot-ekkenosi-ton-periochon-osmaes-erodio/ ; https://www.newsbomb.gr/ellada/story/1760568/kalyteri-i-eikona-ton-pyrkagion-se-karysto-kai-mytika-thivas ; https://www.thepresident.gr/2026/09/02/pyrkagia-se-chamili-vlastisi-stin-karysto-eyvoias/ ; https://www.cnn.gr/ellada/story/550437/megali-pyrkagia-stin-karysto-eyvoias-ixise-to-112-gia-ekkenosi-i-fotia-kaiei-dipla-sta-spitia ; https://www.skai.gr/news/greece/veltiomeni-i-eikona-ton-pyrkagion-se-karysto-kai-mytika-thivas ; https://www.tanea.gr/2026/09/02/greece/megali-fotia-stin-karysto-mparaz-112-gia-ekkenoseis-oikismon-epixeiroun-13-enaeria-mesa/ ; https://www.protothema.gr/greece/article/1872796/fotia-tora-stin-karusto-estali-minuma-apo-to-112/ ; https://www.newsit.gr/ellada/fotia-stin-karysto-ixise-to-112-stin-perioxi-theatroupoli-gia-ekkenosi/4763613/ ; https://www.athensvoice.gr/epikairotita/ellada/983321/mainetai-i-megali-fotia-stin-karysto-neo-112-gia-ekkenosi-duo-periohon/ ; https://www.newsbomb.gr/ellada/story/1760497/neo-112-gia-tin-pyrkagia-stin-karysto-ekkenosi-osmaon-kai-erodioy-pros-tin-karysto ; https://www.ertnews.gr/roi-idiseon/veltiomeni-i-eikona-tis-pyrkagias-stin-karysto-paramenoun-dynameis-sto-simeio/ ; https://www.cnn.gr/ellada/story/550529/pyrkagies-veltiomeni-i-eikona-se-karysto-kai-thiva-antimetopizontai-diaspartes-esties | W77: Πυρκαγιά σε χαμηλή βλάστηση. Danger_level από χάρτη ΓΓΠΠ 02/09/2026 (Εύβοια: κίτρινο/ΥΨΗΛΗ). 112 για ετοιμότητα (όχι εκκένωση). ΕΣΚΕΔΙΚ με drone παρακολούθησε εξέλιξη. | EFFIS (2/9): 103 ha καμένη έκταση (δορυφορική ανίχνευση). FWI 40–80, BUI 220–260. Κατά τις 15:00 η πυρκαγιά έκαιγε ανεξέλεγκτη κοντά σε οικισμό (newsit). Παρακολούθηση με drone θερμικής/οπτικής κάμερας. Χάρτης ΓΓΠΠ 02/09: Εύβοια κίτρινο = κατηγορία 3. | EFFIS δορυφόρος: 103 ha (FWI 40–80, BUI 220–260). Τρία πύρινα μέτωπα. Μπαράζ 112 για εκκενώσεις οικισμών. ΕΣΚΕΔΙΚ: drone επιτήρηση θερμικές/οπτικές κάμερες. Πρώτη αναφορά ERT: 60 πυρ./21 οχ./4 ελικ./9 αεροσκ. (= 13 εναέρια)· ενισχύθηκε: 76 πυρ./23 οχ. Μονάδα ΔΑΕΕ (εμπρησμός) κινητοποιήθηκε. | EFFIS 2/9: 103 ha (FWI 40-80, BUI 220-260). Drone εποπτείας ESKEDDIK. Κινητοποίηση Ομάδας Διερεύνησης Εμπρησμών Ευβοίας. Βελτίωση απόγευμα 2/9 (διάσπαρτες εστίες). | EFFIS κατέγραψε 103 ha για Εύβοια στις 2/9 — αντιστοιχεί στην Κάρυστο. 3 διαδοχικά σήματα 112 (ετοιμότητα → 2 εκκενώσεις). Ανακριτική πυρκαγιών σε εξέλιξη για αιτία. | EFFIS δορυφορική ανίχνευση: 103 ha καμένα (FWI 40-80, BUI 220-260). Χαμηλή βλάστηση. Drone θερμικής κάμερας ΕΣΚΕΔΙΚ. | EFFIS 2/9: 103 ha, FWI 40–80, BUI 220–260. Drone ΕΣΚΕΔΙΚ θερμικής/οπτικής παρακολούθησης. Εμπρησμολόγοι κινητοποιήθηκαν. Στις 3/9 χωρίς ενεργό μέτωπο. | EFFIS δορυφορική ανίχνευση 103 ha. Χαμηλή βλάστηση. Θυελλώδεις άνεμοι. Διάσπαρτες εστίες αντιμετωπίζονταν βράδυ 3/9. | Χαμηλή βλάστηση. Drone surveillance με θερμικές/οπτικές κάμερες μέσω ΕΣΚΕΔΙC. Κινητοποιήθηκε ανακριτική ομάδα εμπρησμών. Danger level βάσει χάρτη 02/09 (νότια Εύβοια = κίτρινο) και επιβεβαίωση άρθρου (κατηγορία 3). | X77: 2026-09-06 | Y77: 9 | Z77: 103 | AA77: =IF('Στατιστικά'!$C$6,1,IFERROR(INDEX('Στατιστικά'!$C$10:$C$83,MATCH(G77,'Στατιστικά'!$B$10:$B$83,0))*1,0)) -> 1
A78: 46267 | F78: Ήπειρος | G78: Ιωαννίνων | P78: 2 | Q78: 2 | R78: ΜΕΣΗ | V78: https://forest-fire.emergency.copernicus.eu/apps/effis.csv/ | W78: Δορυφορική ανίχνευση EFFIS (πυρκαγιά Α' — χωριστή εστία από Β'). Δεν διατίθενται επιχειρησιακά στοιχεία ή υποτοποθεσία εντός νομού. | Δορυφορική ανίχνευση EFFIS (πυρκαγιά Β' — χωριστή εστία από Α'). Δεν διατίθενται επιχειρησιακά στοιχεία ή υποτοποθεσία εντός νομού. | Δορυφορική ανίχνευση EFFIS (Α' εστία). Δεν διατίθεται όνομα, ώρα ή στοιχεία επίγειας επιχείρησης. | Δορυφορική ανίχνευση EFFIS (Β' εστία). Δεν διατίθεται όνομα, ώρα ή στοιχεία επίγειας επιχείρησης. | X78: 2026-09-05 | Y78: 9 | Z78: 2 | AA78: =IF('Στατιστικά'!$C$6,1,IFERROR(INDEX('Στατιστικά'!$C$10:$C$83,MATCH(G78,'Στατιστικά'!$B$10:$B$83,0))*1,0)) -> 1
A79: 46267 | E79: Ιωάννινα (EFFIS ανίχνευση Α') | F79: Ήπειρος | G79: Ιωαννίνων | P79: 2 | Q79: 2 | R79: ΜΕΣΗ | V79: https://forest-fire.emergency.copernicus.eu/apps/effis.csv/ ; https://forest-fire.emergency.copernicus.eu/apps/effis.situation/ | W79: EFFIS δορυφορική ανίχνευση 2/9/2026. Άγνωστη ακριβής τοποθεσία εντός νομού Ιωαννίνων. Ενδέχεται να σχετίζεται με πυρκαγιά Τραπεζίτσας Κόνιτσας ή να αποτελεί ανεξάρτητο περιστατικό. Χάρτης ΓΓΠΠ 02/09: Ιωάννινα μπλε = κατηγορία 2. | EFFIS δορυφορική ανίχνευση 2/9/2026. Άγνωστη ακριβής τοποθεσία εντός νομού Ιωαννίνων. Ενδέχεται να σχετίζεται με πυρκαγιά Τραπεζίτσας ή να αποτελεί ανεξάρτητο περιστατικό. Χάρτης ΓΓΠΠ 02/09: Ιωάννινα μπλε = κατηγορία 2. | EFFIS/Copernicus δορυφορική ανίχνευση 02/09/2026. Καμένη έκταση 2 ha. Δεν διατίθεται όνομα τοποθεσίας ή ώρα από EFFIS. Πιθανώς Λάιστα/Ζαγόρι (ανεπιβεβαίωτο από ΜΜΕ). | EFFIS/Copernicus δορυφορική ανίχνευση 02/09/2026. Καμένη έκταση 1 ha. Δεν διατίθεται όνομα τοποθεσίας ή ώρα από EFFIS. Πιθανώς Βωβούσα/Ζαγόρι (ανεπιβεβαίωτο από ΜΜΕ). | Δορυφορική ανίχνευση EFFIS μόνο (FWI δεν αναφέρεται). Δεν επιβεβαιώθηκε από ελληνικά ΜΜΕ. Ακριβής θέση εντός νομού άγνωστη. | Δορυφορική ανίχνευση EFFIS μόνο. Δεν επιβεβαιώθηκε από ελληνικά ΜΜΕ. Ακριβής θέση εντός νομού άγνωστη. | Δορυφορική ανίχνευση EFFIS 2 Σεπτ. Δεν διατίθεται όνομα πυρκαγιάς, ώρα έναρξης ή επιχειρησιακά στοιχεία. | Δορυφορική ανίχνευση EFFIS 2 Σεπτ. Διακριτή εστία από EFFIS Ιωαννίνων Α'. Δεν διατίθεται όνομα/ώρα/επιχειρησιακά στοιχεία. | X79: 2026-09-04 | Y79: 9 | Z79: 2 | AA79: =IF('Στατιστικά'!$C$6,1,IFERROR(INDEX('Στατιστικά'!$C$10:$C$83,MATCH(G79,'Στατιστικά'!$B$10:$B$83,0))*1,0)) -> 1
A80: 46267 | E80: Κεραμίδεζα Μάνδρας | F80: Αττική | G80: Αττικής | H80: Μάνδρας-Ειδυλλίας | I80: 38 | Q80: 3 | R80: ΥΨΗΛΗ | W80: Αγροτοδασική έκταση· επίγειες δυνάμεις· περιορισμένη ανεξάρτητη τεκμηρίωση (πληροφορία από σύνοψη αναζήτησης 02/09) | X80: 2026-09-02 | Y80: 9 | Z80: 0 | AA80: =IF('Στατιστικά'!$C$6,1,IFERROR(INDEX('Στατιστικά'!$C$10:$C$83,MATCH(G80,'Στατιστικά'!$B$10:$B$83,0))*1,0)) -> 1
A81: 46267 | E81: Σπάτα | F81: Αττική | G81: Αττικής | H81: Δήμος Σπάτων-Αρτέμιδος | L81: 1 | Q81: 3 | R81: ΥΨΗΛΗ | W81: Χαμηλή βλάστηση. 1 ελικόπτερο. Αναφορά από σύνοψη αναζητήσεων 02/09 — δεν βρέθηκε ξεχωριστό άρθρο με URL. | X81: 2026-09-03 | Y81: 9 | Z81: 0 | AA81: =IF('Στατιστικά'!$C$6,1,IFERROR(INDEX('Στατιστικά'!$C$10:$C$83,MATCH(G81,'Στατιστικά'!$B$10:$B$83,0))*1,0)) -> 1
A82: 46266 | B82: 18:00 | E82: Αγριλιά - Πεδίο Βολής Μεσολογγίου | F82: Δυτική Ελλάδα | G82: Αιτωλοακαρνανίας | H82: Ιερά Πόλη Μεσολογγίου | I82: 47 | J82: 17 | K82: 5 | L82: 1 | M82: 1 ομάδα πεζοπόρου 6ης ΕΜΟΔΕ | N82: υδροφόρες Δήμου Ιεράς Πόλης Μεσολογγίου | S82: υπό έλεγχο | T82: υπό διερεύνηση (κινητοποιήθηκε ανακριτική ομάδα) | V82: https://www.thetoc.gr/koinwnia/article/fotia-stin-agrilia-mesologgiou-epixeiroun-5-aeroskafi---kaiei-agrotodasiki-ektasi/ ; https://www.naftemporiki.gr/society/2155884/fotia-tora-stin-agrilia-mesologgioy/ ; https://newpost.gr/eidiseis/mesologgi-enischythikan-oi-dynameis-stin-agrilia-47-pyrosvestes-kai-6-enaeria/ ; https://www.focusfm.gr/mesologgi-pyrkagia-sto-pedio-volis-stin-agrilia/ ; https://pelop.gr/synagermos-sto-mesolongi-megali-fotia-stin-agrilia-konta-sto-pedio-volis-sikothikan-aeroskafi/ ; https://www.tanea.gr/2026/09/01/greece/fotia-sto-pedio-volis-sto-mesologgi-sikothikan-5-aeroskafi/ ; https://www.newsit.gr/ellada/fotia-sto-mesologgi-sto-pedio-volis-isxyres-dynameis-sto-simeio/4763122/ ; https://www.agrinionews.gr/megali-fotia-sto-pedio-volis-sto-mesolongi-ischyri-kinitopoiisi-tis-pyrosvestikis/ ; https://www.libre.gr/2026/09/01/fotia-sto-pedio-volis-sto-mesolongi-si/ ; https://www.firefightingreece.gr/2026/09/01/pyrkagia-se-agrotodasiki-ektasi-stin-agrilia-mesolongiou-epicheiroun-32-pyrosvestes-kai-5-aeroskafi/ ; https://dete.gr/keravnos-i-aitia-tis-pyrkagias-stin-agrilia-mesolongiou-pos-apofefchthikan-ta-cheirotera/ ; https://www.agrinionews.gr/se-yfesi-i-pyrkagia-stin-agrilia-mesolongiou-ischyres-dynameis-paramenoun-sto-simeio/ ; https://www.dnews.gr/eidhseis/ellada/607725/se-yfesi-i-fotia-stin-agrilia-mesologgiou ; https://www.eleftherostypos.gr/ellada/fotia-sto-mesolongi-se-yfesi-i-pyrkagia-stin-agrilia | W82: Αγροτοδασική έκταση πλησίον πεδίου βολής Αγριλιάς. Αρχικά: 32 πυροσβέστες, 12 οχήματα, 5 αεροσκάφη. Μετά ενίσχυση: 47 πυροσβέστες, 6 εναέρια. Δεν απειλούσε κατοικημένες περιοχές. Χάρτης ΓΓΠΠ 01/09 δεν ήταν διαθέσιμος (HTTP redirect). | Πυρκαγιά σε αγροδασική έκταση στο στρατιωτικό πεδίο βολής Αγριλιάς. Κινητοποίηση και δυνάμεων Αγρινίου & Πάτρας. Χάρτης ΓΓΠΠ 01/09 επέστρεψε 404. | Εκδηλώθηκε ~18:00 σε αγροτοδασική έκταση κοντά στο Πεδίο Βολής. Δεν απειλήθηκαν οικισμοί, δεν εκδόθηκε 112. Τελευταία αναφορά «σε ύφεση» ~21:30 / «υπό πλήρη έλεγχο» (dete.gr). Συμμετείχαν υδροφόρες Δήμου Ιεράς Πόλης Μεσολογγίου και Πολιτική Προστασία Περιφέρειας Δυτ. Ελλάδας. Καμένη έκταση δεν επιβεβαιώθηκε. | X82: 2026-09-04 | Y82: 9 | Z82: 0 | AA82: =IF('Στατιστικά'!$C$6,1,IFERROR(INDEX('Στατιστικά'!$C$10:$C$83,MATCH(G82,'Στατιστικά'!$B$10:$B$83,0))*1,0)) -> 1
A83: 46265 | B83: 18:10 | E83: Τραπεζίτσα Κόνιτσας | F83: Ήπειρος | G83: Ιωαννίνων | H83: Δήμος Κόνιτσας | I83: 170 | J83: 65 | K83: 15 | L83: 13 | M83: 3 ομάδες πεζοπόρου 5ης ΕΜΟΔΕ + ΣΜΕΑ Ιωαννίνων | N83: μηχανήματα Δήμου και Περιφέρειας | O83: μέλη ορειβατικού συλλόγου (εφοδιασμός) | P83: 1000 | Q83: 2 | R83: ΜΕΣΗ | S83: υπό έλεγχο | T83: κεραυνοί | U83: 112 πρωί 06/09: προειδοποίηση για πυκνούς καπνούς σε κατοίκους Κόνιτσας/Ιωαννίνων ΠΕ - παραμείνετε σε κλειστό χώρο, κλείστε πόρτες και παράθυρα, ακολουθείτε οδηγίες αρχών | 112 προειδοποίηση για επικίνδυνους καπνούς: παραμείνετε σε εσωτερικούς χώρους, κλείστε πόρτες και παράθυρα, ετοιμότητα κατοίκων | 112 06/09 ~21:30: προειδοποίηση κατοίκων Κόνιτσας/Τραπεζίτσας για πυκνούς καπνούς — «κλείστε πόρτες και παράθυρα, παραμείνετε σε ετοιμότητα και ακολουθείτε οδηγίες Αρχών» | 112 (06/09 βράδυ): ετοιμότητα κατοίκων Κόνιτσας-Τραπεζίτσας – προειδοποίηση πυκνών καπνών· (07/09): ετοιμότητα – επαναλαμβανόμενα μηνύματα καθ' όλη τη διάρκεια της 8ήμερης πυρκαγιάς | 112 09-06: προειδοποίηση καπνών οικισμός Τραπεζίτσα – παραμονή σε εσωτερικούς χώρους, κλείσιμο παραθύρων (χωρίς εκκένωση)· 09-07: νέο μήνυμα 112 ετοιμότητας κατοίκων Κόνιτσας | 112 (ετοιμότητα/προστασία από καπνούς): παραμονή σε εσωτερικούς χώρους, κλείσιμο πορτοπαράθυρων λόγω καπνών. Επαναλαμβανόμενα μηνύματα κατά αναζωπυρώσεις. | 06/09 πρωί: μήνυμα 112 για πυκνούς καπνούς στους κατοίκους Τραπεζίτσας Κόνιτσας — καλούνται να παραμείνουν σε ετοιμότητα | V83: https://www.zougla.gr/greece/fotia-stin-konitsa-2/ ; https://www.naftemporiki.gr/society/2155409/pyrkagia-stin-konitsa-meta-apo-keraynoys-enischyontai-oi-pyrosvestikes-dynameis/ ; https://www.tanea.gr/2026/08/31/greece/fotia-stin-trapezitsa-konitsas-sikothikan-dyo-elikoptera ; https://www.skai.gr/news/greece/fotia-se-dasiki-ektasi-stin-konitsa-sti-maxi-kai-2-elikoptero ; https://www.firefightingreece.gr/2026/08/31/pyrkagia-se-dasiki-ektasi-stin-trapezitsa-konitsas-epicheiroun-6-pyrosvestes-kai-2-elikoptera/ ; https://www.naftemporiki.gr/society/2155599/fotia-stin-trapezitsa-konitsas-enischythikan-peraitero-oi-dynameis-tis-pyrosvestikis-kinitopoiithikan-5-elikoptera/ ; https://www.firefightingreece.gr/2026/09/01/enischythikan-oi-dynameis-stin-pyrkagia-stin-trapezitsa-konitsas-epicheiroun-85-pyrosvestes-kai-5-elikoptera/ ; https://www.skai.gr/news/greece/konitsa-synexizei-na-kaiei-i-fotia-stin-trapezitsa-sti-maxi-kai-11-enaeria ; https://www.newsit.gr/ellada/fotia-stin-trapezitsa-konitsas-enisxythikan-oi-dynameis-epixeiroun-11-elikoptera/4762968/ ; https://www.lamiareport.gr/ellada/item/pyrkagia-stin-trapezitsa-konitsas-enisxythikan-oi-dynameis-epixeiroun-11-elikoptera/ ; https://www.vradini.gr/ellada/fotia-stin-konitsa-oi-floges-kinoyntai-pros-ti-xaradra-toy-aooy-mixanimata-anoigoyn-dromo-gia-ti-moni-stomioy/1658731/ ; https://www.ertnews.gr/perifereiakoi-stathmoi/ioanina/pyrkagia-se-dysvati-perioxi-tis-konitsas-vlavi-se-pyrosvestiko-elikoptero/ ; https://www.huffingtonpost.gr/kinonia/fotia-stin-trapezitsa-konitsas-kaiei-se-dysvati-periochi-epicheiroun-enaeria-mesa-eikones-vinteo/ ; https://www.ertnews.gr/perifereiakoi-stathmoi/fotia-stin-konitsa-se-pliri-ekseliksi-i-epixeirisi-stin-perioxi-trapezitsa/ ; https://www.tanea.gr/2026/09/01/greece/anekselegkti-i-fotia-stin-trapezitsa-konitsa-deyteri-nyxta-agonias ; https://www.naftemporiki.gr/society/2155798/trapezitsa-konitsas-mainetai-se-dysvato-simeio-i-megali-pyrkagia-dyskoli-i-prosvasi-gia-tis-epigeies-dynameis/ ; https://www.thetoc.gr/koinwnia/article/sunexizei-na-kaiei-i-fotia-stin-trapezitsa-konitsas---enisxuthikan-oi-purosbestikes-dunameis/ ; https://newpost.gr/eidiseis/konitsa-anexelegkti-i-fotia-stin-trapezitsa-olonychtia-machi-85-pyrosveston/ ; https://www.efsyn.gr/ellada/1457559/fotia-se-dasiki-ektasi-stin-konitsa-epiheiroyn-dyo-elikoptera/ ; https://www.koutipandoras.gr/article/konitsa-mainetai-gia-triti-mera-i-pyrkagia-stin-trapezitsa-epicheiroun-13-enaeria-mesa/ ; https://www.documentonews.gr/article/fotia-tora-stin-konitsa-epicheiroun-dyo-elikoptera/ ; https://epirusonline.gr/eidiseis/ipeiros/konitsa-veltiomeni-i-eikona-apo-tin-pyrkagia-stin-trapezitsa-synechizetai-i-machi-gia-tin-oriothetisi/ ; https://www.tovima.gr/2026/09/01/society/fotia-stin-konitsa-kineitai-pros-xaradra-aoou-epixeiroun-7-elikoptera/ ; https://forest-fire.emergency.copernicus.eu/apps/effis.csv/ ; https://www.efsyn.gr/ellada/1457967/fotia-stin-konitsa-enishythikan-oi-pyrosvestikes-dynameis-sikothikan-exi-enaeria/ ; https://newpost.gr/eidiseis/konitsa-enischythikan-oi-dynameis-stin-pyrkagia-stin-trapezitsa-epicheiroyn-85-pyrosvestes-kai-5-elikoptera/ ; https://www.cnn.gr/ellada/story/550291/mainetai-i-pyrkagia-stin-konitsa-enisxythikan-ta-enaeria-mesa-kaiei-se-dysvato-edafos ; https://en.protothema.gr/2026/09/01/large-wildfire-rages-on-near-konitsa-in-northwestern-greece-11-aircraft-battle-the-blaze/ ; https://www.naftemporiki.gr/society/2156024/pyrkagia-stin-trapezitsa-konitsas-enischyontai-oi-dynameis-pyrosvesis-sti-machi-13-enaeria-mesa/ ; https://www.iefimerida.gr/ellada/konitsa-fotia-trapezitsa-brohi-elikoptera-enaeria ; https://www.parapolitika.gr/ellada/article/1784615/konitsa-treis-imeres-mahis-me-ti-fotia-stin-trapezitsa-uperanthropi-prospatheia-se-dusvati-periohi-13-enaeria-mesa-sti-mahi ; https://www.newsbomb.gr/ellada/story/1761078/trapezitsa-konitsas-megali-anazopyrosi-apenanti-apo-ti-moni-stomiou---sti-maxi-kai-enaeria-mesa ; https://www.cnn.gr/ellada/story/551026/megali-anazopyrosi-tis-fotias-stin-trapezitsa-konitsas-minyma-apo-to-112-gia-tous-pyknoys-kapnoys ; https://www.newsit.gr/ellada/fotia-stin-trapezitsa-konitsas-enisxythikan-oi-dynameis-epixeiroun-5-elikoptera/4763499/ ; https://www.tanea.gr/2026/09/06/greece/megali-anazopyrosi-tis-fotias-stin-konitsa-minyma-tou-112-gia-tous-kapnous ; https://www.eleftherostypos.gr/ellada/anazopyrothike-i-fotia-stin-trapezitsa-konitsas-ichise-minyma-apo-to-112 ; https://www.firefightingreece.gr/2026/09/05/mainetai-i-dasiki-pyrkagia-stin-periochi-trapezitsa-konitsas/ ; https://www.in.gr/2026/09/05/greece/konitsa-megali-anazopyrosi-sto-dasos-stin-trapezitsa-synexizei-na-kaiei-gia-pempti-imera ; https://www.in.gr/2026/09/06/greece/konitsa-mainetai-i-fotia-kaiei-se-pykno-peykodasos-isxyres-epigeies-dynameis-12-enaeria-ixise-112/ ; https://www.naftemporiki.gr/society/2157761/megali-anazopyrosi-tis-pyrkagias-stin-trapezitsa-konitsas-minyma-apo-to-112-gia-toys-kapnoys/ ; https://www.flash.gr/konitsa-megali-anazopyrosi-sti-fotia-epicheiroyn-405-pyrosvestes-kai-12-enaeria-mesa-1079991 ; https://www.npress.gr/greece/synagermos-stin-konitsa-anexelegkti-gia-evdomi-imera-i-fotia-oi-floges-plisiazoun-tin-poli/ ; https://www.documentonews.gr/article/fotia-stin-konitsa-anexelegkto-to-metopo-enischyontai-diarkos-oi-dynameis-machi-na-min-ftasoun-oi-floges-ston-oikismo/ ; https://epirusonline.gr/eidiseis/ipeiros/se-katastasi-synagermoy-i-konitsa-ichise-to-112/ ; https://www.in.gr/2026/09/07/greece/konitsa-anekselegkti-gia-ogdoi-imera-i-fotia-stin-trapezitsa ; https://www.tanea.gr/2026/09/07/greece/pyrinos-efialtis-stin-konitsa-gia-8i-mera-anekselegkto-to-metopo-tis-fotias-stin-trapezitsa-epixeiroun-170-pyrosvestes ; https://www.thetoc.gr/koinwnia/article/konitsa-anexelegkti-i-purkagia-stin-trapezitsa---minuma-112-stous-katoikous---kaiei-edo-kai-7-imeres ; https://www.capital.gr/epikairotita/4014841/se-exelixi-i-purkagia-sto-dasos-tis-trapezitsas-stin-konitsa-minuma-apo-to-112-gia-prostasia-ton-politon-apo-tous-kapnous/ ; https://www.naftemporiki.gr/society/2158023/mainetai-gia-7i-mera-i-megali-fotia-stin-konitsa-stigmes-agonias-gia-toys-katoikoys/ ; https://www.skai.gr/news/greece/konitsa-i-fotia-mainetai-gia-evdomi-imera-stin-trapezitsa ; https://www.ertnews.gr/eidiseis/ellada/pyrkagia-stin-konitsa-kalyteri-i-eikona-se-dysvati-perioxi-me-xaradres-oi-floges-se-epifylaki-oi-pyrosvestikes-dynameis/ ; https://www.formedia.gr/2026/09/06/konitsa-mainetai-i-fotia-kaiei-se-pykno-pefkodasos-ischyres-epigeies-dynameis-12-enaeria-ichise-112/ ; https://athina984.gr/2026/09/06/pyrkagia-stin-konitsa-ioannion-proeidopoiitiko-minyma-toy-112/ ; https://www.cnn.gr/ellada/story/551130/nyxta-agonias-stin-konitsa-pano-apo-ton-oikismo-kaiei-i-fotia-mesa-sto-dasos-oi-pyrosvestes ; https://hellasjournal.com/2026/09/poly-ypsilos-kindynos-pyrkagias-se-portokali-synagermo-deka-perifereies-tis-choras-ogdoi-imera-machis-me-ti-megali-fotia-stin-konitsa-kaiei-pykno-dasos-video/ ; https://www.efsyn.gr/ellada/1461596/fotia-stin-konitsa-kaiei-anexelegkti-gia-8i-imera-ihise-to-112-to-vrady-eikones-vinteo/ ; https://www.parapolitika.gr/ellada/article/1786802/megali-anazopurosi-stin-trapezitsa-konitsas-minuma-tou-112 ; https://www.ieidiseis.gr/ellada/860941/konitsa-olonychtia-machi-me-tis-floges-i-fotia-kaiei-partheno-dasos-gia-evdomi-mera/ ; https://www.cnn.gr/ellada/story/551216/fotia-stin-konitsa-pano-apo-6-200-stremmata-staxti-synexizetai-i-maxi-me-tis-floges ; https://www.in.gr/2026/09/07/greece/konitsa-anekselegkti-gia-ogdoi-imera-i-fotia-stin-trapezitsa/ ; https://pelop.gr/fotia-konitsa-trapezitsa-6290-stremmata/ ; https://www.ypaithros.gr/oikologiki-tragodia-stin-trapezitsa-konitsas/ ; https://www.skai.gr/news/greece/se-ekseliksi-i-pyrkagia-sto-dasos-tis-trapezitsas-stin-konitsa-minyma-apo-to-112 ; https://parallaximag.gr/epikairotita/greece/konitsa-energi-i-fotia-gia-9i-imera-stachti-6-290-stremmata-dasoys ; https://www.tanea.gr/2026/09/06/greece/trapezitsa-konitsas-anekselegkto-to-metopo-tis-pyrkagias-pano-apo-150-pyrosvestes-sti-maxi-me-tis-floges ; https://www.newsbomb.gr/ellada/story/1761880/fotia-konitsa-maxi-me-tis-anazopyroseis-sti-xaradra-tou-aoou-to-varos-tis-epixeirisis ; https://www.enikos.gr/society/konitsa-veltiomeni-i-eikona-sti-dasiki-pyrkagia-tis-trapezitsas-echoun-ginei-stachti-schedon-6-300-stremmata/2640263/ ; https://athina984.gr/2026/09/06/megali-anazopyrosi-tis-fotias-stin-trapezitsa-konitsas-minyma-apo-to-112-gia-toys-pyknoys-kapnoys/ ; https://www.protothema.gr/greece/article/1881637/upo-elegho-meta-apo-21-meres-i-purkagia-stin-trapezitsa-konitsas-peripou-10000-stremmata-dasous-epireastikan/ | W83: Αρχικά 6 πυροσβέστες + 2 ελικόπτερα· ενισχύθηκε σε 32 πυροσβέστες, 3 ελικόπτερα. Εναέριες επιχειρήσεις σταμάτησαν μετά τη δύση. Ακόμα ενεργή 01/09 04:04 (τελευταία ενημέρωση). | Εκδήλωση 31/8, σε εξέλιξη και 1/9. Δύσβατο δασώδες σημείο κορυφογραμμής. Μονοπάτι Μονής Στομίου κλειστό προληπτικά. Κίνηση μετώπου προς φαράγγι Αώου. 85 πυροσβέστες + 5 ελικόπτερα στις 1/9. | Φλόγες κινούνται προς χαράδρα Αώου. Μηχανήματα ανοίγουν δρόμο προς Μονή Στομίου. Αρχικά 6 πυροσβέστες+2 ελικόπτερα, σταδιακή ενίσχυση. Δύσβατο έδαφος με πυκνή χαμηλή βλάστηση. Παρακολούθηση drone ΕΜΑΚ Αθηνών. Ελικόπτερο υπέστη βλάβη (αποκολλήθηκε κάδος) κατά υδροληψία από Αώο σε άλλη επιχείρηση στην ίδια περιοχή. | Ανεξέλεγκτη 02/09 (2η νύχτα αγωνίας)· δύσβατο ορεινό σημείο· μετακινείται προς χαράδρα Αώου· κλειστό μονοπάτι Μονής Στομίου· απαγόρευση κυκλοφορίας Εθνικού Δρυμού Βίκου-Αώου· Αναπλ. Αρχηγός Π.Σ. επί τόπου· ελικόπτερα: αρχικά 2 → ενισχύθηκε σε 7+4 Canadair=11 εναέρια | Τρίτη μέρα καύσης (31/8–2/9). Δύσβατη δασική έκταση, πυκνή χαμηλή βλάστηση. Αντιπρόεδρος Πυροσβεστικής στο σημείο. Απαγόρευση κυκλοφορίας σε Εθνικό Δρυμό Βίκου-Αώου και δρόμο προς Μονή Στομίου. Βλάβη σε πυροσβεστικό ελικόπτερο κατά την επιχείρηση. Κέντρο επιχειρήσεων Πολιτικής Προστασίας ενεργοποιήθηκε. Δυνάμεις Sep-2: 85 πυροσβέστες, 13 εναέρια (6 αεροσκάφη+7 ελικόπτερα). Danger_level από χάρτη ΓΓΠΠ 31/08/2026. | Έναρξη απόγευμα 31/8 σε δύσβατο σημείο. Μαίνεται για τρίτη μέρα (2/9) με 13 εναέρια. Η πυρκαγιά κινήθηκε προς χαράδρα Αώου (1/9). Πυρκαγιά EFFIS Ιωαννίνων Α' & Β' ανιχνεύθηκαν 2/9 — ενδέχεται σχετίζονται. Χάρτης 31/8 δεν ελέγχθηκε. | Δύσβατο δασικό έδαφος, πυκνή υποβλάστηση. Drone εποπτείας ΕΚΑΒ Ιωαννίνων. Χάρτης ΓΓΠΠ 31/8 δεν ανακτήθηκε (404). EFFIS 2/9: 2 ha ανίχνευση σε Ιωάννινα (πιθανώς σχετικό). Πυρκαγιά συνεχιζόταν στις 1/9. | Εξαιρετικά δύσβατο ανάγλυφο — περιορισμένη πρόσβαση επίγειων. Κατεύθυνση προς Χαράδρα Αώου, δρόμος Μονής Στομίου έκλεισε. Αναζωπύρωση κοντά στη Μονή Στομίου. Ελαφρά βροχόπτωση νύχτα 1–2/9 βοήθησε στον περιορισμό. Εναέρια σε αναστολή ~20:00 2/9, επίγειες δυνάμεις σε εγρήγορση. Σύνολο εναέριων: 13 (6 σταθεροπτέρυγα + 7 ελικόπτερα). Καμένη έκταση και ώρα ελέγχου δεν επιβεβαιώθηκαν. | Εκκίνηση Δευτέρα 31/08 (πιθανώς κεραυνός). Δυνάμεις και danger level από 06/09 (6η ημέρα). Κλειστός Εθνικός Δρυμός Βίκου-Αώου. Εναέρια αντλούν από λίμνη Παμβώτιδα. Μεγάλη αναζωπύρωση 06/09 πρωί. | Έναρξη 31/08/2026 ~18:10. Ανεξέλεγκτη για 7η συνεχή ημέρα στις 06/09. 13 εναέρια συνολικά (Yutori); προηγούμενη αναφορά 01/09: 7 ελικόπτερα. Καίει παρθένο πευκοδάσος, κινείται προς χαράδρα Αώου. ΓΓΠΠ 06/09 Ιωαννίνων: κίτρινο (3). | Έναρξη 31/8/2026 (Δευτέρα) — 8η συνεχής ημέρα στις 7/9. Ανεξέλεγκτο μέτωπο σε πυκνό πευκοδάσος στο φαράγγι Αώου, απόκρημνο ανάγλυφο δυσχεραίνει πρόσβαση. Εστάλη επίσης 112 ενωρίτερα για γενική ετοιμότητα. Αριθμοί δυνάμεων αφορούν ενημέρωση 6/9 (πηγή skai.gr/Yutori). Danger_level βάσει χάρτη ΓΓΠΠ 07/09/2026 (Ιωαννίνων=κίτρινο). | Ενεργή για 8η συνεχόμενη ημέρα (07/09). Πυκνό πευκοδάσος – δύσβατη περιοχή με χαράδρες. Βλάβη πυροσβεστικού ελικοπτέρου. Μονάδα drone. Δυνάμεις 06/09 (Yutori): 170 πυροσβέστες, 13 εναέρια συνολικά. Αναφορά ~111.732 στρ. καμένης έκτασης (αδύνατη επαλήθευση). Κίνδυνος (07/09 χάρτης ΓΓΠΠ): Ιωαννίνων κίτρινο=3. | Ξεκίνησε 31/8, ανεξέλεγκτη για 8 ημέρες έως 07/09. Καίει παρθένο πευκοδάσος Natura 2000 «Κούρι» με μαύρη/λευκή πεύκη και ελάτη. Έχει εισέλθει στο φαράγγι Αώου. Δεδομένα καμένης έκτασης από Εθνικό Αστεροσκοπείο Αθηνών. | Εκδηλώθηκε 31/08/2026. Στις 06/09: 170 πυροσβ., 65 οχ., 13 εναέρια. Στις 08/09 (9η ημέρα): 629 ha καμένα, εντός Natura 2000, 5 ελικόπτερα στη χαράδρα Αώου, μάχη με αναζωπυρώσεις. | Ξεκίνησε 31 Αυγ. 2026· 9η ημέρα στις 8 Σεπ. 6.290 στρέμματα (629 ha) καμένα σε πυκνό πευκοδάσος-ελατοδάσος εντός Natura 2000. Απαγόρευση κυκλοφορίας φαράγγι Αώου & μονοπάτι Μονής Στομίου. Στις 8/9 ενεργά μέτωπα περιορισμένα σημαντικά. | Έναρξη 31/8/2026· κύριο μέτωπο ελέγχθηκε μετά από ~21 ημέρες (περ. 20–21/9)· βραδεία καύση ριζών/κορμών υπό επιτήρηση· ~10.000 στρ. δάσους επηρεάστηκαν· ενημέρωση Yutori Scout 20/9/2026· danger_level από χάρτη 20/9 (ημέρα τελευταίας ενημέρωσης) | X83: 2026-09-23 | Y83: 8 | Z83: 1000 | AA83: =IF('Στατιστικά'!$C$6,1,IFERROR(INDEX('Στατιστικά'!$C$10:$C$83,MATCH(G83,'Στατιστικά'!$B$10:$B$83,0))*1,0)) -> 1
A84: 46265 | B84: 16:30 | E84: Σιντική Σερρών | F84: Κεντρική Μακεδονία | G84: Σερρών | H84: Δήμος Σιντικής | I84: 12 | J84: 5 | K84: 0 | L84: 0 | P84: <10 ha | Q84: 2 | R84: ΜΕΣΗ | S84: οριοθετήθηκε | T84: κεραυνός (πιθανολογείται) | V84: https://www.naftemporiki.gr/society/2155371/fotia-tora-sti-sintiki-serron/ ; https://www.thestival.gr/eidiseis/astynomika/serres-orothetithike-i-fotia-se-periochi/ ; https://www.thestival.gr/eidiseis/astynomika/fotia-stis-serres-veltiomeni-i-eikona/ ; https://www.newsit.gr/ellada/fotia-stis-serres-stin-perioxi-theodoreio-se-xamili-vlastisi/4762293/ | W84: Ώρα εκτιμώμενη ~16:30 βάσει περιγραφής. Περιορισμένες πληροφορίες. | Τοποθεσία: περιοχή Θεοδώρειο. Χαμηλή βλάστηση. Ολονύχτια επιχείρηση σε δύσβατη περιοχή. Ανακριτικό Κλιμάκιο Εμπρησμού Σερρών ερευνά αιτία. | ⚠ pyr_postfix 2026-09-23: έκταση μη δημοσιευμένη· η κλίμακα απόκρισης (≤25 πυροσβέστες, ≤4 εναέρια, ≤12 οχήματα) αποκλείει μεγάλο συμβάν. Το «<10 ha» είναι ΣΥΜΠΕΡΑΣΜΑ, όχι μέτρηση, και δεν προσμετράται στα αθροίσματα. | X84: 2026-09-01 | Y84: 8 | Z84: 0 | AA84: =IF('Στατιστικά'!$C$6,1,IFERROR(INDEX('Στατιστικά'!$C$10:$C$83,MATCH(G84,'Στατιστικά'!$B$10:$B$83,0))*1,0)) -> 1
A85: 46264 | B85: 23:03 | E85: Λάιστα Ζαγορίου | F85: Ήπειρος | G85: Ιωαννίνων | H85: Ζαγόρι | I85: 32 | J85: 8 | M85: 2 ομάδες πεζοπόρου 2ης και 5ης ΕΜΟΔΕ | N85: Περιφέρεια Ηπείρου, Δήμος Ζαγορίου | Q85: 2 | R85: ΜΕΣΗ | S85: σε εξέλιξη | T85: κεραυνός | V85: https://www.ekklisiaonline.gr/nea/fotia-tora-se-dasos-stin-laista-ioanninon-kinitopiisi-tis-pyrosvestikis/ ; https://www.epirus-tv-news.gr/2026/08/blog-post_5136.html ; https://www.ekklisiaonline.gr/nea/fotia-tora-se-dasos-stin-laista-ioanninon-kinitopoiisi-tis-pyrosvestikis/ ; https://epirusonline.gr/eidiseis/ipeiros/pyrkagia-apo-kerayno-sti-laista-zagorioy-sto-simeio-ischyres-pyrosvestikes-dynameis/ ; https://www.firefightingreece.gr/2026/08/30/pyrkagia-se-dasiki-ektasi-sti-laista-ioanninon-epicheiroun-32-pyrosvestes/ ; https://epirusgate.gr/zagori-anazopyrosi-tis-fotias-sti-laista-syndromi-apo-perifereia-ipeirou-kai-dimo-zagoriou/ ; https://www.ertnews.gr/perifereiakoi-stathmoi/ioanina/pyrkagia-apo-kerayno-sto-zagori/ ; https://www.protothema.gr/greece/article/1866818/fotia-tora-sto-zagori-ioanninon-kai-elikoptero-sti-mahi-me-tis-floges/ ; https://www.naftemporiki.gr/society/2155035/fotia-tora-sti-laista-ioanninon/ ; https://athina984.gr/2026/08/30/fotia-se-dasos-sti-laista-ioanninon/ | W85: Δάσος στη Λάιστα Ζαγορίου. Ξέσπασε αργά το βράδυ 30/8. Χάρτης ΓΓΠΠ 30/8: ΠΕ Ιωαννίνων μπλε (2). | Δύο φάσεις: αρχική 25/8/2026 στις 14:36 (15 πυροσβέστες, 3 οχήματα, 2 ελικόπτερα, 1 ομάδα 5ης ΕΜΑΚ). Αναζωπύρωση ~20:30 30/8 στο ίδιο σημείο. Συνδρομή βυτιοφόρων Περιφέρειας Ηπείρου + Δήμου Ζαγορίου. Δύσβατο ορεινό ανάγλυφο. Δεν αναφέρθηκαν αεροσκάφη για 30/8. Καμένη έκταση και ώρα ελέγχου δεν επιβεβαιώθηκαν. | Δασική πυρκαγιά σε περιοχή Ζαγορίου. Καταγράφηκε αναζωπύρωση με συνδρομή Περιφέρειας Ηπείρου και Δήμου Ζαγορίου. | X85: 2026-09-07 | Y85: 8 | Z85: 0 | AA85: =IF('Στατιστικά'!$C$6,1,IFERROR(INDEX('Στατιστικά'!$C$10:$C$83,MATCH(G85,'Στατιστικά'!$B$10:$B$83,0))*1,0)) -> 1
A86: 46264 | B86: 20:30 | E86: Λάιστα Ιωαννίνων | F86: Ήπειρος | G86: Ιωαννίνων | H86: Ζαγορίου | I86: 32 | J86: 5 | K86: 0 | L86: 0 | M86: ομάδες πεζοπόρων 2ης και 5ης ΕΜΟΔΕ | Q86: 2 | R86: ΜΕΣΗ | S86: σε εξέλιξη | T86: υπό διερεύνηση (κινητοποιήθηκε Ανακριτικό Κλιμάκιο Ιωαννίνων) | V86: https://www.pentapostagma.gr/ethnika-themata/esoteriki-asfaleia/7387430_pyrkagia-tora-se-dasos-sti-laista-ioanninon ; https://www.firefightingreece.gr/2026/08/30/pyrkagia-se-dasiki-ektasi-sti-laista-ioanninon-epicheiroun-32-pyrosvestes/ ; https://www.epiruspost.gr/pyrkagia-sti-laista-zagorioy-sto-si/ ; https://www.enikos.gr/society/ioannina-fotia-se-dasiki-ektasi-stin-laista/2636213/ | W86: Πυρκαγιά σε δάσος, ξεκίνησε βράδυ 30/8. Δεν αναφέρθηκε χρήση εναέριων μέσων (νύχτα). Αρχικά 17 πυροσβέστες, ανέβηκαν σε 32 κατά το 24ωρο δελτίο. Συνεχίζεται 31/8. | Πεζοπόρα τμήματα: 2ης και 5ης ΕΜΟΔΕ. | ⚠ pyr_postfix 2026-09-23: διπλοεγγραφή του ίδιου συμβάντος· η έκταση δεν προσμετράται (_έκταση0=0). Φέρουσα εγγραφή: γραμμή 85. | X86: 2026-09-04 | Y86: 8 | Z86: 0 | AA86: =IF('Στατιστικά'!$C$6,1,IFERROR(INDEX('Στατιστικά'!$C$10:$C$83,MATCH(G86,'Στατιστικά'!$B$10:$B$83,0))*1,0)) -> 1
A87: 46264 | B87: 17:00 | C87: 18:00 | E87: Άγιος Γεώργιος Κέρκυρας | F87: Ιόνια Νησιά | G87: Κέρκυρας | H87: Κεντρικής Κέρκυρας και Διαποντίων Νήσων | I87: 34 | J87: 7 | K87: 6 | L87: 1 | M87: 2 ομάδες πεζοπόρων 15ης ΕΜΟΔΕ | N87: Δήμος Κεντρικής Κέρκυρας (υδροφόρα) | P87: 0.6 | Q87: 3 | R87: ΥΨΗΛΗ | S87: οριοθετήθηκε | T87: αδιευκρίνιστη | U87: 112 ενεργοποιήθηκε — ώρα/τύπος/περιοχές δεν επαληθεύτηκαν (πηγή: tovima.gr «Ήχησε το 112») | 112: ετοιμότητα κατοίκων (ώρα αβέβαιη — επιβεβαιώθηκε από efsyn.gr) | 112 30/8: εκδόθηκε μήνυμα επαγρύπνησης για περιοχή Αγ. Γεωργίου Κέρκυρας (ακριβές κείμενο μη ανακτήσιμο — πηγές: dnews.gr, efsyn.gr) | V87: https://www.ertnews.gr/eidiseis/pyrkagia-ston-ag-georgio-kerkyras-enisxyontai-oi-pyrosvestikes-dynameis/ ; https://www.tovima.gr/2026/08/30/society/fotia-tora-stin-kerkyra-epixeiroun-7-enaeria-mesa ; https://www.firefightingreece.gr/2026/08/30/pyrkagia-se-dasiki-ektasi-ston-agio-georgio-kerkyras-epicheiroun-24-pyrosvestes-kai-6-aeroskafi/ ; https://www.iefimerida.gr/ellada/fotia-dasiki-ektasi-kerkyra-epiheiroyn-exi-aeroskafi ; https://www.newsbomb.gr/ellada/story/1759835/fotia-se-dasiki-ektasi-stin-kerkyra-megali-kinitopoiisi-tis-pyrosvestikis ; https://www.larissanet.gr/2026/08/30/pyrkagia-ston-ag-georgio-kerkyras-enischyontai-oi-pyrosvestikes-dynameis/ ; https://todaypress.gr/2026/08/30/fotia-tora-stin-kerkyra-enischythikan-oi-dynameis-machi-me-tis-floges-me-7-enaeria-mesa/ ; https://www.cnn.gr/ellada/story/549977/synagermos-gia-fotia-stin-kerkyra-epixeiroyn-eksi-aeroskafi ; https://www.newsit.gr/ellada/fotia-stin-kerkyra-stin-perioxi-agios-georgios/4761307/ ; https://cretaone.gr/kerkyra-oriothetithike-i-fotia-ston-agio-georgio/ ; https://www.capital.gr/epikairotita/4013388/purkagia-ston-ag-georgio-kerkuras-enisxuontai-oi-purosbestikes-dunameis/ ; https://www.formedia.gr/2026/08/30/fotia-se-dasiki-ektasi-stin-kerkyra-epicheiroun-exi-aeroskafi/ ; https://www.efsyn.gr/ellada/1449940/pyrkagia-stin-kerkyra-minyma-112-sikothikan-enaeria-mesa/ ; https://www.protothema.gr/greece/article/1862726/fotia-tora-se-dasos-ston-agio-georgio-kerkuras-kinitopoiisi-tis-purosvestikis/ ; https://www.tovima.gr/2026/08/30/society/fotia-tora-sto-markopoulo-oropou-minyma-apo-to-112-metopo-kai-stin-kerkyra ; https://www.naftemporiki.gr/society/2155011/choris-energo-metopo-oi-pyrkagies-se-markopoylo-oropoy-kai-kerkyra/ ; https://www.dnews.gr/eidhseis/ellada/605271/fotia-tora-stin-kerkyra-ixise-to-112-sikothikan-7-enaeria-mesa ; https://www.ertnews.gr/eidiseis/ypo-elegxo-i-fotia-ston-ag-georgio-kerkyras/ | W87: Δύσκολη πρόσβαση, ελαιόδεντρα–θάμνοι, μέτριοι–ισχυροί άνεμοι. Αρχικά 24 πυροσβέστες, ενισχύθηκαν σε 34. Τέσσερις πυρκαγιές παρέμεναν σε εξέλιξη στο 24ωρο 29/8–30/8 18:00 (πηγή: fireservice). | Δύσβατη περιοχή με ελαιώνες και χαμηλή βλάστηση. Μέτριοι έως ισχυροί άνεμοι. Χωρίς ενεργό μέτωπο το βράδυ. Χάρτης ΓΓΠΠ 30/8: ΠΕ Κερκύρας κίτρινο (3). | Ιδιαίτερα δύσβατη περιοχή, ελαιόδεντρα και θάμνοι. Μέτριοι προς ισχυροί άνεμοι. Δεν είχε πλησιάσει κατοικημένες περιοχές κατά τη στιγμή της ενημέρωσης. Μία από τις 4 ενεργές πυρκαγιές στο 24ωρο δελτίο 29-30/8. | Δασική έκταση με ελαιώνες. Δύσκολη πρόσβαση, μέτριοι έως ισχυροί άνεμοι. Δεν απείλησε κατοικημένες περιοχές κατά τη στιγμή δημοσίευσης. Δεν βρέθηκε σήμα 112 για Κέρκυρα — το 112 ηχηθέν εκείνη την ημέρα αφορούσε Μαρκόπουλο Ωρωπού. | Δύσβατο σημείο, ελαιόδεντρα και θάμνοι, ισχυροί άνεμοι. Ως 20:02 δεν είχε πλησιάσει κατοικημένες περιοχές. Αργότερα χωρίς ενεργό μέτωπο. | X87: 2026-09-06 | Y87: 8 | Z87: 0.6 | AA87: =IF('Στατιστικά'!$C$6,1,IFERROR(INDEX('Στατιστικά'!$C$10:$C$83,MATCH(G87,'Στατιστικά'!$B$10:$B$83,0))*1,0)) -> 1
A88: 46264 | B88: 17:00 | D88: 18:30 | E88: Μαρκόπουλο Ωρωπού | F88: Αττική | G88: Αττικής | H88: Ωρωπού | I88: 47 | J88: 13 | K88: 4 | L88: 2 | M88: 3 ομάδες πεζοπόρων 1ης και 4ης ΕΜΟΔΕ | N88: Δήμος Ωρωπού (υδροφόρες), Περιφέρεια Αττικής (μηχανήματα έργου) | P88: 3 | Q88: 3 | R88: ΥΨΗΛΗ | S88: οριοθετήθηκε | T88: υπό διερεύνηση (ΑΚΑΕ Αθηνών) | U88: 112 17:22 προειδοποίηση ετοιμότητας: «παραμείνετε σε ετοιμότητα και ακολουθείτε οδηγίες αρχών» — περιοχή Μαρκόπουλο Ωρωπού Αν. Αττικής· ~17:30 δεύτερο μήνυμα ετοιμότητας | 112 ~17:30: δύο μηνύματα ετοιμότητας/εκκένωσης στην ευρύτερη περιοχή Μαρκοπούλου Ωρωπού — «παραμείνετε σε ετοιμότητα και ακολουθείτε τις οδηγίες των Αρχών» | 112 17:22: ετοιμότητα στο Μαρκόπουλο Ωρωπού (ΠΕ Ανατολικής Αττικής) — «παραμείνετε σε ετοιμότητα και ακολουθείτε τις οδηγίες των αρχών» | 112 17:22 30/8/2026: προειδοποίηση κατοίκων ευρύτερης ζώνης πυρκαγιάς Ωρωπού — παρακολούθηση οδηγιών αρχών | 112 30/8 προειδοποίηση: «Δασική πυρκαγιά στην περιοχή Μαρκόπουλο Ωρωπού — παραμείνετε σε επαγρύπνηση και ακολουθείτε τις οδηγίες των αρχών» | V88: https://thepressproject.gr/fotia-se-dasiki-ektasi-sto-markopoulo-oropou-minyma-apo-to-112/ ; https://www.lamiareport.gr/koinonia/item/fotia-ston-oropo-stin-perioxi-markopoulo-minymata-tou-112-ripseis-nerou-apo-4-enaeria-mesa/ ; https://www.tovima.gr/2026/08/30/society/fotia-tora-sto-markopoulo-oropou-minyma-apo-to-112-metopo-kai-stin-kerkyra ; https://www.iefimerida.gr/ellada/fotia-tora-se-dasiki-ektasi-sto-markopoylo-oropoy ; https://www.irafina.gr/fotia-sto-markopoulo-oropou-oriothetithike-i-pyrkagia-paramenoun-sto-simeio-ischyres-dynameis/ ; https://www.enikos.gr/society/fotia-sto-markopoulo-oropou-kaiei-dasiki-ektasi/2636122/ ; https://www.neakriti.gr/koinonia/2197237_oropos-beltiomeni-i-eikona-tis-fotias-sto-markopoylo-47-pyrosbestes-sti-mahi ; https://www.skai.gr/news/greece/pyrkagia-se-dasiki-ektasi-sto-markopoulo-oropou ; https://www.newsit.gr/ellada/fotia-ston-oropo-stin-perioxi-markopoulo-minymata-tou-112-ripseis-nerou-apo-6-enaeria-mesa/4761308/ ; https://todaypress.gr/2026/08/30/fotia-tora-sto-markopoulo-oropou-112-gia-ekkenosi-enischythikan-oi-dynameis-6-enaeria-mesa-sti-machi/ ; https://www.ertnews.gr/eidiseis/ellada/veltiomeni-i-eikona-tis-pyrkagias-sto-markopoulo-oropou/ ; https://www.flash.gr/fotia-tora-sto-markopoylo-oropoy-megali-kinitopoiisi-tis-pyrosvestikis-ichise-to-112-1078908 ; https://www.real.gr/koinonia/arthro/fotia-sto-se-dasiki-ektasi-sto-markopoulo-oropou-ichise-to-112-910851/ ; https://todaypress.gr/2026/08/30/fotia-sto-markopoulo-oropou-energo-to-metopo-konta-sti-mavrosouvala-ichise-to-112/ ; https://www.naftemporiki.gr/society/2154990/fotia-tora-sto-markopoylo-oropoy-pyrkagia-kai-ston-agio-georgyros-kerkyras/ ; https://www.naftemporiki.gr/society/2155011/choris-energo-metopo-oi-pyrkagies-se-markopoylo-oropoy-kai-kerkyra/ ; https://www.irafina.gr/oropos-peripou-30-stremmata-dasikis-ektasis-ekapse-i-fotia-sto-markopoulo-foto-vinteo/ ; https://www.documentonews.gr/article/oriothetithike-i-fotia-sto-markopoulo-oropou-ischyres-dynameis-paramenoun-sto-simeio/ | W88: Δάσος κοντά στη Μαυροσουβάλα. Αρχικά 24 πυροσβέστες/8 οχήματα/2α+2ε, ενισχύθηκαν σε 47/13/4α+2ε. Πιθανή υποστήριξη ρουμανικής IGSU (βάση Νέα Μακρή, per Yutori 30/8). | Κλιματικός Υπουργός Ε. Τουρνάς επισκέφθηκε το σημείο. Ενεργοποιήθηκε Υπηρεσία Εγκληματολογικής Έρευνας Εμπρησμών. Χάρτης ΓΓΠΠ 30/8: ΠΕ Αττικής κίτρινο (3). | Δασική πευκόφυτη έκταση. Ενεργό μέτωπο κοντά στη Μαυροσουβάλα. Δεν απείλησε οικισμούς. Μία από τις 4 ενεργές πυρκαγιές στο 24ωρο δελτίο Πυροσβεστικής 29-30/8. | Σε πευκόδασος. Βελτιωμένη εικόνα (ertnews.gr). Δεν απείλησε κατοικημένες περιοχές. Ερευνητική ομάδα κινητοποιήθηκε για αίτιο. | Αργότερα χωρίς ενεργό μέτωπο. | Περίπου 30 στρέμματα δασικής έκτασης (≈3 ha). Ισχυρές δυνάμεις παρέμειναν στο σημείο για επιτήρηση μετά την οριοθέτηση. | X88: 2026-09-01 | Y88: 8 | Z88: 3 | AA88: =IF('Στατιστικά'!$C$6,1,IFERROR(INDEX('Στατιστικά'!$C$10:$C$83,MATCH(G88,'Στατιστικά'!$B$10:$B$83,0))*1,0)) -> 1
A89: 46264 | B89: 13:45 | C89: 14:00 | E89: Κορύτιανη Ηγουμενίτσας | F89: Ήπειρος | G89: Θεσπρωτίας | H89: Ηγουμενίτσας | I89: 22 | J89: 6 | K89: 1 | L89: 1 | M89: 1 ομάδα πεζοπόρου 5ης ΕΜΟΔΕ | N89: Δήμος Ηγουμενίτσας (υδροφόρες) | P89: <10 ha | Q89: 3 | R89: ΥΨΗΛΗ | S89: οριοθετήθηκε | T89: υπό διερεύνηση | V89: https://www.tanea.gr/2026/08/30/greece/igoumenitsa-pyrkagia-se-dasiki-ektasi-stin-korytiani-epixeiroun-epigeies-kai-enaeries-dynameis/ ; https://www.firefightingreece.gr/2026/08/30/pyrosvestiki-30-agrotodasikes-pyrkagies-to-teleftaio-24oro-14/ ; https://www.newsit.gr/ellada/fotia-stin-igoumenitsa-kaiei-se-xamili-vlastisi-stin-perioxi-korytiani/4761246/ ; https://www.firefightingreece.gr/2026/08/30/pyrkagia-se-dasiki-ektasi-stin-korytiani-igoumenitsas-epicheiroun-22-pyrosvestes-kai-1-aeroskafos/ ; https://www.cnn.gr/ellada/story/549972/fotia-stin-korytiani-igoumenitsas-amesi-kinitopoiisi-tis-pyrosvestikis ; https://www.epirus-tv-news.gr/2026/08/blog-post_5136.html ; https://www.newsbomb.gr/ellada/story/1759821/fotia-stin-igoumenitsa-epixeirei-ena-aeroskafos ; https://messolonghivoice.gr/dasiki-pyrkagia-stin-igoumenitsa-epicheiroun-22-pyrosvestes-kai-enaeria-mesa/ ; https://politeianews.gr/igoumenitsa-fotia-se-chamili-vlastisi-stin-korytiani-kinitopoiisi-epigeion-dynameon-5is-emode-kai-enaerion-meson/ ; https://pelop.gr/igoumenitsa-oriothetithike-i-fotia-stin-koritiani/ | W89: Δασική έκταση. Επίγειες και εναέριες δυνάμεις σε εξέλιξη. Μία από τις 4 ενεργές πυρκαγιές του 24ωρου 29/8–30/8. | Χαμηλή βλάστηση. Οριοθετήθηκε γρήγορα (λίγο πριν τις 14:00). Χάρτης ΓΓΠΠ 30/8: ΠΕ Θεσπρωτίας μπλε (2). | Δασική και χαμηλή βλάστηση. 1 αεροσκάφος εκτελεί ρίψεις νερού. Μία από τις 4 ενεργές πυρκαγιές στο 24ωρο δελτίο Πυροσβεστικής 29-30/8. | Κινητοποιήθηκε ερευνητική ομάδα αρσονολόγων Θεσπρωτίας. Χαμηλή βλάστηση — δασική έκταση. Περιεχόμενη λίγο πριν τις 14:00. | Δασική έκταση· επιχείρησαν επίγειες (6 οχήματα, 1 ομάδα πεζοπόρων 5ης ΕΜΟΔΕ) και εναέριες (1 αεροσκάφος) δυνάμεις | ⚠ pyr_postfix 2026-09-23: έκταση μη δημοσιευμένη· η κλίμακα απόκρισης (≤25 πυροσβέστες, ≤4 εναέρια, ≤12 οχήματα) αποκλείει μεγάλο συμβάν. Το «<10 ha» είναι ΣΥΜΠΕΡΑΣΜΑ, όχι μέτρηση, και δεν προσμετράται στα αθροίσματα. | X89: 2026-09-02 | Y89: 8 | Z89: 0 | AA89: =IF('Στατιστικά'!$C$6,1,IFERROR(INDEX('Στατιστικά'!$C$10:$C$83,MATCH(G89,'Στατιστικά'!$B$10:$B$83,0))*1,0)) -> 1
A90: 46264 | B90: 13:30 | C90: 14:40 | E90: Σήμαντρα Νέας Προποντίδας | F90: Κεντρική Μακεδονία | G90: Χαλκιδικής | H90: Νέας Προποντίδας | I90: 10 | J90: 4 | K90: 0 | L90: 1 | N90: Δήμος Νέας Προποντίδας (υδροφόρα) | P90: <10 ha | Q90: 2 | R90: ΜΕΣΗ | S90: κατασβέστηκε | T90: υπό διερεύνηση (Ανακριτικό Κλιμάκιο Εμπρησμών Χαλκιδικής) | V90: https://www.cnn.gr/ellada/story/549961/xoris-energo-metopo-i-pyrkagia-pou-ksespase-sta-simantra-xalkidikis ; https://www.iefimerida.gr/ellada/horis-energo-metopo-fotia-sta-simantra-halkidikis ; https://www.documentonews.gr/article/fotia-tora-sta-simantra-chalkidikis-epicheirei-elikoptero/ ; https://www.eleftherostypos.gr/ellada/chalkidiki-fotia-sta-simantra-epicheirei-ena-enaerio-meso ; https://www.newsbomb.gr/ellada/story/1759817/fotia-sti-nea-propontida-xalkidikis-epixeirei-kai-ena-elikoptero ; https://www.in.gr/2026/08/30/greece/fotia-sti-xalkidiki-sikothike-ena-elikoptero/amp/ | W90: Χαμηλή βλάστηση. ΕΣΚΕΔΙΚ παρακολούθηση με drone (θερμική+οπτική κάμερα). Χωρίς ενεργό μέτωπο από 14:40. Danger_level 2 βάσει ΓΓΠΠ χάρτη 30/8 (Χαλκιδική εμπίπτει σε μπλε ζώνη). | Χαμηλή βλάστηση, Δήμος Νέας Προποντίδας. | Χαμηλή βλάστηση· χωρίς ενεργό μέτωπο | ⚠ pyr_postfix 2026-09-23: έκταση μη δημοσιευμένη· η κλίμακα απόκρισης (≤25 πυροσβέστες, ≤4 εναέρια, ≤12 οχήματα) αποκλείει μεγάλο συμβάν. Το «<10 ha» είναι ΣΥΜΠΕΡΑΣΜΑ, όχι μέτρηση, και δεν προσμετράται στα αθροίσματα. | X90: 2026-09-04 | Y90: 8 | Z90: 0 | AA90: =IF('Στατιστικά'!$C$6,1,IFERROR(INDEX('Στατιστικά'!$C$10:$C$83,MATCH(G90,'Στατιστικά'!$B$10:$B$83,0))*1,0)) -> 1
A91: 46264 | B91: 13:30 | C91: 14:40 | E91: Σήμαντρα Χαλκιδικής | F91: Κεντρική Μακεδονία | G91: Χαλκιδικής | H91: Νέα Προποντίδα | I91: 10 | J91: 4 | K91: 0 | L91: 1 | N91: Δήμος Νέας Προποντίδας (υδροφόρες) | S91: κατασβέστηκε | T91: υπό διερεύνηση | V91: https://www.cnn.gr/ellada/story/549961/xoris-energo-metopo-i-pyrkagia-pou-ksespase-sta-simantra-xalkidikis ; https://www.athensvoice.gr/epikairotita/ellada/982696/fotia-tora-sta-simadra-halkidikis/ ; https://www.newsbomb.gr/ellada/story/1759817/fotia-sti-nea-propontida-xalkidikis-epixeirei-kai-ena-elikoptero ; https://www.naftemporiki.gr/society/2154951/fotia-tora-sta-simantra-chalkidikis/ | W91: Ανακριτικό Κλιμάκιο Αντιμετώπισης Εγκλημάτων Εμπρησμού Χαλκιδικής κινητοποιήθηκε. Παρακολούθηση μέσω drone (θερμική + οπτική κάμερα) από ΕΣΚΕΔΙΚ. | ⚠ pyr_postfix 2026-09-23: διπλοεγγραφή του ίδιου συμβάντος· η έκταση δεν προσμετράται (_έκταση0=0). Φέρουσα εγγραφή: γραμμή 90. | X91: 2026-09-06 | Y91: 8 | Z91: 0 | AA91: =IF('Στατιστικά'!$C$6,1,IFERROR(INDEX('Στατιστικά'!$C$10:$C$83,MATCH(G91,'Στατιστικά'!$B$10:$B$83,0))*1,0)) -> 1
A92: 46264 | B92: 11:05 | E92: Διμήνι Κορινθίας | F92: Πελοπόννησος | G92: Κορινθίας | H92: Σικυωνίων | I92: 21 | J92: 5 | K92: 0 | L92: 1 | M92: 1 ομάδα πεζοπόρων 9ης ΕΜΟΔΕ | N92: Δήμος Σικυωνίων (υδροφόρες) | P92: <10 ha | Q92: 3 | R92: ΥΨΗΛΗ | S92: οριοθετήθηκε | T92: υπό διερεύνηση (ανακριτική ομάδα εμπρησμών κινητοποιήθηκε) | V92: https://www.tanea.gr/2026/08/30/greece/fotia-sto-dimini-korinthias-sikothike-kai-elikoptero/ ; https://www.ekathimerini.com/news/1313776/firefighters-battle-brush-fire-in-northern-peloponnese/ ; https://www.loutrakiblog.gr/2026/08/30/kiato-fotia-sto-diminio-me-isxyres-epigeies-kai-enaeries-dynameis/ ; https://workenter.gr/fotia-sto-diminio-korinthias-990588 ; https://www.athensvoice.gr/epikairotita/ellada/982671/fotia-tora-sto-diminio-korinthias/ ; https://www.cnn.gr/ellada/story/549939/fotia-sto-diminio-korinthias-sikothike-kai-elikoptero ; https://newpost.gr/eidiseis/fotia-sto-diminio-korinthias-epicheiroyn-21-pyrosvestes-kai-elikoptero/ ; https://www.korinthia.net.gr/2026/08/31/120985/ ; https://www.news247.gr/ellada/fotia-sto-diminio-korinthias-sikothike-elikoptero/ ; https://www.naftemporiki.gr/society/2154913/fotia-tora-sto-diminio-korinthias-sikothike-ena-elikoptero/ ; https://www.tanea.gr/2026/08/30/greece/korinthia-xoris-energo-metopo-i-fotia-sto-diminio ; https://www.cnn.gr/ellada/story/549942/xoris-energo-metopo-i-fotia-sto-diminio-korinthias ; https://www.skai.gr/news/greece/fotia-sto-diminio-korinthias-sikothike-elikoptero ; https://www.zougla.gr/greece/fotia-stin-korintho/ ; https://www.lamiareport.gr/ellada/item/pyrkagia-sto-diminio-korinthias-kaiei-xamili-vlastisi/ ; https://pelop.gr/fotia-sto-diminio-korinthias-epicheiroun-epigeies-dynameis-kai-elikoptero/ | W92: Χαμηλή βλάστηση. Κίνδυνος κατηγορία 3 από χάρτη ΓΓΠΠ 30/8 (Κορινθία κίτρινο). | Χαμηλή βλάστηση, κοντά στο Κιάτο. Αναφέρεται ως «Βόρεια Πελοπόννησος» στο Yutori Scout 30/8 (πηγή: ekathimerini.com). | Ανακοινώθηκε από Yutori Scout 30/8. Βλάστηση κοντά στο χωριό Διμήνιο. Υπό κατάσβεση με πυροσβέστες και ελικόπτερο ρίψης νερού. Αριθμοί δυνάμεων μη διαθέσιμοι. Χάρτης ΓΓΠΠ 30/8: ΠΕ Κορινθίας κίτρινο (3). | Χαμηλή βλάστηση. Χωρίς ενεργό μέτωπο κατά την επίσημη ενημέρωση. Yutori: κοντά στο χωριό Διμήνιο. Korinthia.net: αναφέρεται και ως Πάσιο — πιθανώς ίδιο περιστατικό/αναζωπύρωση 31/8 με ίδιες δυνάμεις. | Χαμηλή βλάστηση. Χωρίς ενεργό μέτωπο. Δυνάμεις παρέμειναν σε επαγρύπνηση για αναζωπυρώσεις. | Χαμηλή βλάστηση. Παρακολούθηση μέσω drone ΕΣΚΕΔΙΚ (θερμική + οπτική κάμερα). Αργότερα χωρίς ενεργό μέτωπο. | Χαμηλή βλάστηση. Χωρίς ενεργό μέτωπο μετά κατάσβεση. Yutori email (30/8) ανέφερε «ενεργή», web: χωρίς ενεργό μέτωπο. | Χαμηλή βλάστηση. Χωρίς ενεργό μέτωπο (naftemporiki.gr). Ανακριτικό Κλιμάκιο Εμπρησμού Κορινθίας ερευνά αιτία. | Χωρίς ενεργό μέτωπο· Δ.Α.Ε.Ε. Δυτικής Αττικής ερευνά αίτια | Φωτιά σε χαμηλή βλάστηση. ΕΣΚΕΔΙΚ παρακολουθούσε με drone (θερμική+οπτική κάμερα). Δεν αναφέρθηκε ενεργό μέτωπο την ίδια ημέρα. Danger_level από χάρτη ΓΓΠΠ 30/08/2026. | Χαμηλή βλάστηση, κατηγορία κινδύνου 3. Κινητοποιήθηκε Υπηρεσία Εγκληματολογικής Έρευνας Πυρκαγιών Κορινθίας (αίτιο υπό διερεύνηση). Drone ΕΣΚΕΔΙΚ. «Χωρίς ενεργό μέτωπο» αναφέρθηκε την ίδια ημέρα. Καμένη έκταση δεν επιβεβαιώθηκε. | ⚠ pyr_postfix 2026-09-23: έκταση μη δημοσιευμένη· η κλίμακα απόκρισης (≤25 πυροσβέστες, ≤4 εναέρια, ≤12 οχήματα) αποκλείει μεγάλο συμβάν. Το «<10 ha» είναι ΣΥΜΠΕΡΑΣΜΑ, όχι μέτρηση, και δεν προσμετράται στα αθροίσματα. | X92: 2026-09-07 | Y92: 8 | Z92: 0 | AA92: =IF('Στατιστικά'!$C$6,1,IFERROR(INDEX('Στατιστικά'!$C$10:$C$83,MATCH(G92,'Στατιστικά'!$B$10:$B$83,0))*1,0)) -> 1
A93: 46264 | B93: 08:10 | E93: Ξηρόμερο (Ιόνια Οδός) | F93: Δυτική Ελλάδα | G93: Αιτωλοακαρνανίας | H93: Ξηρομέρου | Q93: 2 | R93: ΜΕΣΗ | S93: κατασβέστηκε | T93: αμέλεια – βλάβη βαρέος οχήματος (νταλίκα) στην Ιόνια Οδό | V93: https://www.tovima.com/society/four-arrested-in-greece-over-fires-amid-extreme-risk/ ; https://www.agriniosite.gr/syllipsi-sto-xiromero-gia-pyrkagia-se-ypaithrio-choro/ ; https://www.agrinioculture.gr/2026/08/31/xiromero-syllipsi-gia-proklisi-pyrkagias-apo-to-anakritiko-tis-pyrosvestikis/ ; https://www.skai.gr/news/greece/pyrkagia-se-xamili-vlastisi-sto-ksiromero-aitoloakarnanias ; https://pelop.gr/fotia-sto-xiromero-aitoloakarnanias-tria-enaeria-sti-machi/ ; https://www.iefimerida.gr/ellada/syllipseis-hania-aitoloakarnania-proklisi-fotias ; https://www.patrisnews.com/syllipsi-odigoy-ntalikas-sto-xiromero-gia-pyrkagia-apo-ameleia-stin-ionia-odo/ | W93: Πρανές ξηρών χόρτων επί Ιονίας Οδού, Δήμος Ξηρομέρου. Σύλληψη ημεδαπού από ΑΚΑΕΕ Αιτωλοακαρνανίας. | Σύλληψη Έλληνα πολίτη αυθημερόν (30/08) σε αυτόφωρο από ΑΚΑΕΕ Αιτωλοακαρνανίας για πρόκληση πυρκαγιάς σε ύπαιθρο χώρο κατά παράβαση μέτρων πυρασφάλειας — ενδέχεται να αφορά το ίδιο ή διαφορετικό συμβάν από τη βλάβη νταλίκας. | Δύο σημεία εστίας κοντά στη Σταυρόδρομο Κουβαρέ. Τρία εναέρια μέσα ανέλαβαν δράση. Περιορίστηκε άμεσα. Danger_level από χάρτη ΓΓΠΠ 30/08/2026. | X93: 2026-09-07 | Y93: 8 | Z93: 0 | AA93: =IF('Στατιστικά'!$C$6,1,IFERROR(INDEX('Στατιστικά'!$C$10:$C$83,MATCH(G93,'Στατιστικά'!$B$10:$B$83,0))*1,0)) -> 1
A94: 46264 | B94: 08:10 | D94: 16:00 | E94: Ξηρόμερο Αιτωλοακαρνανίας | F94: Δυτική Ελλάδα | G94: Αιτωλοακαρνανίας | H94: Ξηρόμερο | I94: 23 | J94: 7 | K94: 2 | L94: 1 | M94: πεζοπόρο τμήμα 6ης ΕΜΟΔΕ | P94: <10 ha | Q94: 3 | R94: ΥΨΗΛΗ | S94: κατασβέστηκε | T94: αμέλεια | V94: https://www.tovima.com/society/four-arrested-in-greece-over-fires-amid-extreme-risk/ ; https://www.agriniosite.gr/syllipsi-sto-xiromero-gia-pyrkagia-se-ypaithrio-choro/ ; https://www.agrinioculture.gr/2026/08/31/xiromero-syllipsi-gia-proklisi-pyrkagias-apo-to-anakritiko-tis-pyrosvestikis/ ; https://pelop.gr/fotia-sto-xiromero-aitoloakarnanias-tria-enaeria-sti-machi/ ; https://www.aixmi-news.gr/sto-aftoforo-andras-gia-pyrkagia-sto-xiromero/ | W94: Συνελήφθη άτομο. Περιεχόμενη αμέσως. | Ακολούθησε σύλληψη για αμέλεια. | Σύλληψη Έλληνα πολίτη αυθημερόν (30/08) σε αυτόφωρο από ΑΚΑΕΕ Αιτωλοακαρνανίας για πρόκληση πυρκαγιάς σε ύπαιθρο χώρο κατά παράβαση μέτρων πυρασφάλειας. Επέμβαση Πυροσβεστικής Αγρινίου. | Άμεσα περιορίστηκε· ένας εκ των 4 συνολικά συλληφθέντων για αμέλεια στο 29–30 Αυγ. | ⚠ pyr_postfix 2026-09-23: έκταση μη δημοσιευμένη· η κλίμακα απόκρισης (≤25 πυροσβέστες, ≤4 εναέρια, ≤12 οχήματα) αποκλείει μεγάλο συμβάν. Το «<10 ha» είναι ΣΥΜΠΕΡΑΣΜΑ, όχι μέτρηση, και δεν προσμετράται στα αθροίσματα. | X94: 2026-09-05 | Y94: 8 | Z94: 0 | AA94: =IF('Στατιστικά'!$C$6,1,IFERROR(INDEX('Στατιστικά'!$C$10:$C$83,MATCH(G94,'Στατιστικά'!$B$10:$B$83,0))*1,0)) -> 1
A95: 46263 | B95: 19:30 | E95: Βαμβακόπουλο Χανίων | F95: Κρήτη | G95: Χανίων | I95: 17 | J95: 4 | K95: 0 | L95: 0 | M95: 1 ομάδα πεζοπόρων 19η ΕΜΟΔΕ | P95: <10 ha | Q95: 5 | R95: ΚΑΤΑΣΤΑΣΗ ΣΥΝΑΓΕΡΜΟΥ | S95: κατασβέστηκε | T95: αμέλεια | V95: https://voicenews.gr/chania-pyrkagia-se-chamili-vlastisi-sto-vamvakopoulo/ ; https://www.dnews.gr/eidhseis/ellada/607123/fotia-tora-sta-xania ; https://www.documentonews.gr/article/fotia-tora-sta-chania-kinitopoiithikan-enaeria-mesa/ ; https://civilprotection.gov.gr/en/deltia-tupou/akraios-kindynos-pyrkagias-katastasi-synagermoy-katigoria-kindynoy-5-kai-poly-ypsilos-kindynos-10 ; https://www.tovima.com/society/four-arrested-in-greece-over-fires-amid-extreme-risk/ ; https://www.iefimerida.gr/ellada/syllipseis-hania-aitoloakarnania-proklisi-fotias ; https://www.naftemporiki.gr/society/2155048/pyrkagies-tesseris-syllipseis-se-chania-kai-aitoloakarnania-prostima-synolikoy-ypsoys-10-400-eyro/ ; https://www.newshub.gr/el/kriti/chania-amesa-tethike-ypo-elegcho-pyrkagia-sto-vamvakopoylo ; https://www.skai.gr/news/greece/tesseris-syllipseis-se-xania-kai-aitoloakarnania-gia-proklisi-pyrkagias-prostima-synolikou | W95: Χαμηλή βλάστηση. Documentonews αναφέρει εναέρια — πιθανώς επόμενη φάση ή παράλληλη εστία. Χάρτης 29/8: Κρήτη κόκκινο (Κατ.5). Email Yutori 29/8 επιβεβαιώνει Κατ.5 Κρήτη. | Συνελήφθη άτομο για αμέλεια. Περιεχόμενη αμέσως. | Περιορίστηκε άμεσα. Ακολούθησε σύλληψη για αμέλεια. | Περιορίστηκε άμεσα. Σύλληψη από ΑΚΑΕΕ Χανίων. | Ημεδαπός συνελήφθη για άναμμα πυρός κατά τη διάρκεια πολιτιστικής εκδήλωσης· πρόστιμο 3.750€. Κατηγορία κινδύνου 5 (ακραίος). Αμέσως τέθηκε υπό έλεγχο. | ⚠ pyr_postfix 2026-09-23: έκταση μη δημοσιευμένη· η κλίμακα απόκρισης (≤25 πυροσβέστες, ≤4 εναέρια, ≤12 οχήματα) αποκλείει μεγάλο συμβάν. Το «<10 ha» είναι ΣΥΜΠΕΡΑΣΜΑ, όχι μέτρηση, και δεν προσμετράται στα αθροίσματα. | X95: 2026-09-07 | Y95: 8 | Z95: 0 | AA95: =IF('Στατιστικά'!$C$6,1,IFERROR(INDEX('Στατιστικά'!$C$10:$C$83,MATCH(G95,'Στατιστικά'!$B$10:$B$83,0))*1,0)) -> 1
A96: 46263 | B96: 18:45 | C96: 21:00 | E96: Αλεξάνδρεια Ημαθίας (Εγνατία χλμ 276) | F96: Κεντρική Μακεδονία | G96: Ημαθίας | H96: Αλεξάνδρεια | I96: 20 | J96: 8 | K96: 0 | L96: 1 | P96: <10 ha | S96: οριοθετήθηκε | T96: Ξεκίνησε από φορτηγό στην Εγνατία Οδό, επεκτάθηκε σε χαμηλή βλάστηση | V96: https://www.tanea.gr/2026/08/29/greece/veroia-pyrkagia-stin-egnatia-odo-stin-aleksandreia-imathias-ksekinise-apo-fortigo-kai-epek ; https://www.newsit.gr/ellada/fotia-stin-aleksandreia-imathias-stin-egnatia-odo/4760849/ ; https://www.enikos.gr/society/fotia-stin-alexandreia-imathias-xespase-se-fortigo-stin-egnatia-odo-kai-epektathike-se-chamili-vlastisi/2635754/ ; https://todaypress.gr/2026/08/29/fotia-tora-stin-imathia-synagermos-stin-egnatia-odo-kinitopoiithike-amesa-i-pyrosvestiki/ ; https://www.cnn.gr/ellada/story/549909/oriothetithike-i-fotia-stin-egnatia-odo-stin-aleksandreia-imathias | W96: Κλειστό ρεύμα προς Θεσσαλονίκη κατά τη διάρκεια. Υπό έλεγχο πριν τις 21:00. Χάρτης ΓΓΠΠ 29/8 δεν κατέβηκε — ΠΕ Ημαθίας πιθανώς μπλε (2) βάσει γεωγραφίας. | ⚠ pyr_postfix 2026-09-23: έκταση μη δημοσιευμένη· η κλίμακα απόκρισης (≤25 πυροσβέστες, ≤4 εναέρια, ≤12 οχήματα) αποκλείει μεγάλο συμβάν. Το «<10 ha» είναι ΣΥΜΠΕΡΑΣΜΑ, όχι μέτρηση, και δεν προσμετράται στα αθροίσματα. | X96: 2026-09-05 | Y96: 8 | Z96: 0 | AA96: =IF('Στατιστικά'!$C$6,1,IFERROR(INDEX('Στατιστικά'!$C$10:$C$83,MATCH(G96,'Στατιστικά'!$B$10:$B$83,0))*1,0)) -> 1
A97: 46263 | B97: 18:30 | E97: Γαλάτας Χανίων | F97: Κρήτη | G97: Χανίων | Q97: 5 | R97: ΚΑΤΑΣΤΑΣΗ ΣΥΝΑΓΕΡΜΟΥ | S97: κατασβέστηκε | T97: αμέλεια | V97: https://www.tovima.com/society/four-arrested-in-greece-over-fires-amid-extreme-risk/ ; https://www.iefimerida.gr/ellada/syllipseis-hania-aitoloakarnania-proklisi-fotias ; https://www.skai.gr/news/greece/xania-3-syllipseis-gia-proklisi-pyrkagias-prostima-ypsous-10400-eyro | W97: Συνελήφθη άτομο για αμέλεια. Περιεχόμενη αμέσως. | Περιορίστηκε άμεσα. Ακολούθησε σύλληψη για αμέλεια. | Περιορίστηκε άμεσα. Σύλληψη από ΑΚΑΕΕ Χανίων. | X97: 2026-09-07 | Y97: 8 | Z97: 0 | AA97: =IF('Στατιστικά'!$C$6,1,IFERROR(INDEX('Στατιστικά'!$C$10:$C$83,MATCH(G97,'Στατιστικά'!$B$10:$B$83,0))*1,0)) -> 1
A98: 46263 | E98: Πλεκάντινα Χανίων | F98: Κρήτη | G98: Χανίων | P98: 0.002 | Q98: 5 | R98: ΚΑΤΑΣΤΑΣΗ ΣΥΝΑΓΕΡΜΟΥ | S98: κατασβέστηκε | T98: αμέλεια | V98: https://www.tovima.com/society/four-arrested-in-greece-over-fires-amid-extreme-risk/ ; https://www.iefimerida.gr/ellada/syllipseis-hania-aitoloakarnania-proklisi-fotias ; https://www.tanea.gr/2026/08/30/greece/tesseris-syllipseis-se-xania-kai-aitoloakarnania-gia-proklisi-pyrkagias-prostima-synolikou-ypsous-10-400-eyro ; https://www.naftemporiki.gr/society/2155048/pyrkagies-tesseris-syllipseis-se-chania-kai-aitoloakarnania-prostima-synolikoy-ypsoys-10-400-eyro/ | W98: Συνελήφθη άτομο για αμέλεια. Καμένη έκταση ~20 τ.μ. Περιεχόμενη αμέσως. | Περιορίστηκε σε ~20 τ.μ. (0,002 ha). Ακολούθησε σύλληψη για αμέλεια. | Περιορίστηκε σε ~20 τ.μ. (≈0,002 εκτ.). Σύλληψη από ΑΚΑΕΕ Χανίων. Πρόστιμο στο σύνολο 3 περιστατικών Χανίων: 10.429,68 €. | X98: 2026-09-06 | Y98: 8 | Z98: 0.002 | AA98: =IF('Στατιστικά'!$C$6,1,IFERROR(INDEX('Στατιστικά'!$C$10:$C$83,MATCH(G98,'Στατιστικά'!$B$10:$B$83,0))*1,0)) -> 1
A99: 46263 | E99: Σπινάρη | F99: Δυτική Μακεδονία | G99: Κοζάνης | I99: 22 | J99: 6 | K99: 0 | L99: 0 | M99: 1 ομάδα πεζοπόρων 8η ΕΜΟΔΕ | N99: Δήμος Κοζάνης (υδροφόρες) | P99: <10 ha | Q99: 2 | R99: ΜΕΣΗ | S99: υπό έλεγχο | V99: https://www.naftemporiki.gr/society/2154720/kozani-fotia-tora-se-chamili-vlastisi-stin-periochi-spinari/ ; https://www.emakedonia.gr/kozani-grigora-tethike-ypo-elegcho-fotia-stin-periochi-spinari ; https://www.thestival.gr/eidiseis/astynomika/kozani-ypo-elegcho-i-pyrkagia-poy-ekdil/ | W99: Χαμηλή βλάστηση. Χάρτης 29/8: ΠΕ Κοζάνης μπλε (Κατ.2). | Χαμηλή βλάστηση. Γρήγορη αντιμετώπιση. Ανακριτικό Κλιμάκιο Εμπρησμού Κοζάνης ερευνά αιτία. | ⚠ pyr_postfix 2026-09-23: έκταση μη δημοσιευμένη· η κλίμακα απόκρισης (≤25 πυροσβέστες, ≤4 εναέρια, ≤12 οχήματα) αποκλείει μεγάλο συμβάν. Το «<10 ha» είναι ΣΥΜΠΕΡΑΣΜΑ, όχι μέτρηση, και δεν προσμετράται στα αθροίσματα. | X99: 2026-09-01 | Y99: 8 | Z99: 0 | AA99: =IF('Στατιστικά'!$C$6,1,IFERROR(INDEX('Στατιστικά'!$C$10:$C$83,MATCH(G99,'Στατιστικά'!$B$10:$B$83,0))*1,0)) -> 1
A100: 46262 | B100: 16:15 | E100: Χρυσόκαστρο Καβάλας | F100: Ανατολική Μακεδονία και Θράκη | G100: Καβάλας | H100: Δήμος Παγγαίου | I100: 20 | J100: 7 | K100: 1 | L100: 1 | M100: 1 ομάδα πεζοπόρων | N100: Δήμος Παγγαίου (υδροφόρες) | Q100: 3 | R100: ΥΨΗΛΗ | S100: οριοθετήθηκε | V100: https://www.protothema.gr/tag/fotia-tora/ ; https://www.protothema.gr/greece/article/1870326/fotia-se-dasiki-ektasi-sto-hrusokastro-kavalas-epiheirei-ena-elikoptero/ ; https://www.zougla.gr/greece/fotia-stin-kavala-2/ ; https://www.voria.gr/article/pyrkagia-se-dasiki-ektasi-sto-hrysokastro-kabalas-sikothike-elikoptero ; https://www.thestival.gr/eidiseis/astynomika/kavala-ypo-meriko-elegcho-i-fotia-se-das/ ; https://www.newsit.gr/ellada/fotia-stin-kavala-stin-perioxi-xrysokastro-sikothike-ena-elikoptero/4759203/ ; https://www.emakedonia.gr/kavala-dasiki-pyrkagia-sto-chrysokastro ; https://www.eleftherostypos.gr/ellada/oriothetithike-i-fotia-sto-chrysokastro-kavalas | W100: Κατά protothema.gr 28 Αυγ: «μερικώς υπό έλεγχο». | Δασική έκταση. Οριοθετήθηκε εντός ~15 λεπτών (zougla.gr). Αιτία υπό διερεύνηση (Ανακριτικό Κλιμάκιο Εμπρησμού Καβάλας). | Πολλαπλές πηγές αναφέρουν Πέμπτη 27/08/2026 ως ημερομηνία εκδήλωσης – πιθανή λανθασμένη καταχώρηση στο αρχείο (η 28/08 ήταν Παρασκευή). Οριοθετήθηκε εντός ~15 λεπτών από έναρξη. | ⚠ pyr_postfix 2026-09-23: διπλοεγγραφή του ίδιου συμβάντος· η έκταση δεν προσμετράται (_έκταση0=0). Φέρουσα εγγραφή: γραμμή 107. | X100: 2026-09-05 | Y100: 8 | Z100: 0 | AA100: =IF('Στατιστικά'!$C$6,1,IFERROR(INDEX('Στατιστικά'!$C$10:$C$83,MATCH(G100,'Στατιστικά'!$B$10:$B$83,0))*1,0)) -> 1
...

Sheet Ευρώπη
A1: Ημερομηνία | B1: Ώρα έναρξης | C1: Ώρα ελέγχου | D1: Ώρα κατάσβεσης | E1: Πυρκαγιά / Περιοχή | F1: Περιφέρεια | G1: Νομός | H1: Δήμος | I1: Πυροσβέστες | J1: Οχήματα | K1: Αεροσκάφη | L1: Ελικόπτερα | M1: Επίγειες ομάδες | N1: Δήμοι/Περιφέρειες | O1: Εθελοντές | P1: Καμμένη έκταση (ha) | Q1: Κίνδυνος (1-5) | R1: Κατηγορία κινδύνου | S1: Κατάσταση | T1: Αιτία | U1: 112 (Εκκ./Προειδ.) | V1: Πηγές | W1: Σημειώσεις | X1: Ενημερώθηκε
A2: 46285 | E2: Αναγία-Κλήρος | F2: Λευκωσία | H2: Αναγία / Κλήρος | J2: 9 | K2: 0 | L2: 0 | M2: Πυροσβεστική Υπηρεσία, Τμήμα Δασών, Υπηρεσία Θήρας & Πανίδας | O2: SupportCy, Atlas | P2: 1.5 | S2: υπό έλεγχο | T2: υπό διερεύνηση (Αστυνομία) | V2: https://dialogos.com.cy/megali-kinitopoiisi-gia-fotia-metaxy-anagias-kai-kliroy-ypo-elegcho-i-pyrkagia/ ; https://www.ant1live.com/kypros/koinonia/697524_stahti-enamisi-ektario-gis-ypo-elegho-i-pyrkagia-metaxy-anagia-kai-kliroy ; https://www.tothemaonline.com/Article/473328/prolaban-ta-heirotera-ypo-elegho-h-pyrkagia-metaxy-anagias-kai-klhroy---katekapse-15-ektario ; https://balla.com.cy/2026/09/ypo-elegcho-i-pyrkagia-metaxy-anagias-kai-klirou/ | W2: Κύπρος. Άγρια βλάστηση και διάσπαρτα πευκοδάση (~1,5 ha). Αιτία υπό διερεύνηση. | ~1,5 εκτάρια άγριας βλάστησης και διάσπαρτα πευκοδάση· Πυροσβεστική + Τμήμα Δασών + Υπηρεσία Θήρας & Πανίδας + εθελοντές SupportCy και Atlas | Επαρχία Λευκωσίας (Κύπρος). Οχήματα: 3 Πυρ.Υπηρεσία + 5 Τμ.Δασών + 1 Υπ.Θήρας και Πανίδας. Χωρίς εναέρια μέσα. | X2: 2026-09-23
A3: 46285 | E3: Κάτω Αρόδων – Κρίτου Τέρα | F3: Επαρχία Πάφου, Κύπρος | H3: Κρίτου Τέρα / Κάτω Αρόδες | P3: 0.4 | S3: υπό έλεγχο | T3: υπό διερεύνηση | V3: https://dialogos.com.cy/fotia-konta-se-kato-arodes-kai-kritoy-tera-diereynontai-ta-aitia/ | W3: ~4.000 τ.μ. (4 δεκάρια) ξηρού γρασιδιού· Πυροσβεστική Υπηρεσία + Τμήμα Δασών + Κ.Μ.Π. Κύπρου· αίτια υπό διερεύνηση με Αστυνομία | X3: 2026-09-23
A4: 46285 | E4: Κάτω Αρόδων – Κρίτου Τέρα | F4: Επαρχία Πάφου, Κύπρος | G4: Επαρχία Πάφου | H4: Κρίτου Τέρα / Κάτω Αρόδες | J4: 5 | P4: 4 | S4: κατασβέστηκε | T4: υπό διερεύνηση | V4: https://dialogos.com.cy/fotia-konta-se-kato-arodes-kai-kritoy-tera-diereynontai-ta-aitia/ ; https://www.sigmalive.com/news/local/1330132/ypo-eleghkho-pirkaghia-poy-ksespase-stis-arodes ; https://cyprustimes.com/astynomiko-reportaz/prolavan-kai-katesvisan-pyrkagia-stin-pafo-prin-parei-diastaseis/ ; https://www.politis.com.cy/politis-news/cyprus/1034306/neos-sinaghermos-stin-pafo-pirkaghia-ksespase-stis-arodes-speudoyn-dinameis-pirosvesis-vinteo ; https://www.alphanews.live/cyprus/vinteo-prolavan-ta-cheirotera-stin-pafo-sto-mikroskopio-pyrosvestikis-ki-astynomias-ta-aitia-tis-fotias/ | W4: Συμμετείχαν: 1 στελεχωμένο όχημα Πυροσβεστικής Υπηρεσίας + 2 στελεχωμένα οχήματα Τμήματος Δασών + 2 Κινητές Μονάδες Πυρόσβεσης (Κ.Μ.Π.). Πυρκαγιά σε ξηρά χόρτα. Κατασβέστηκε πριν πάρει διαστάσεις. Αρχική τιμή 0.4 ha πιθανώς λανθασμένη — πηγές αναφέρουν ~40 στρέμματα = 4 ha. | X4: 2026-09-23
A5: 46272 | E5: Αντάλεια (Ακσού-Κεπέζ-Δοσεμεαλτί-Σερίκ) | F5: Αντάλεια, Τουρκία | I5: 866 | J5: 181 | K5: 5 | L5: 10 | N5: 149 δεξαμενές νερού, 7 οχήματα TOMA, 25 βαρέα μηχανήματα | P5: 132 | S5: σε εξέλιξη | V5: https://www.turkiyetoday.com/nation/strong-winds-fan-antalya-fires-damaging-homes-and-farms-3227668 ; https://www.washingtontimes.com/news/2026/sep/8/wind-fueled-wildfire-forcing-hundreds-homes-turkey-firefighters/ | W5: 2η ημέρα στις 8/9. Ισχυροί άνεμοι. 5 σπίτια ακατοίκητα, ζημιές θερμοκηπίων/αγροτικών. Εκκένωση 3 γειτονιών + καταφύγιο ζώων Ακσού. 3 άτομα από εισπνοή καπνού. | Τουρκία — γεωγρ. Ευρώπη. Ισχυροί άνεμοι δυσχέραναν κατάσβεση. 5 σπίτια ακατοίκητα, ζημιές θερμοκήπια/γεωργία. 3 γειτονιές + καταφύγιο ζώων Ακσού εκκενώθηκαν. 3 άτομα εισπνοή καπνού. 149 δεξαμενές νερού, 7 TOMA, 25 βαρέα μηχ. Δεύτερη ημέρα 08/09 (email 1a081b75960a7438, 09:19 EEST). Καμένη έκταση ~132 ha (web). | X5: 2026-09-23
A6: 46256 | E6: Deliblato Sands (Άμμοι Δελιβλάτου) | F6: Σερβία — Δήμος Μπέλα Τσέρκβα | H6: Μπέλα Τσέρκβα | I6: 124 | J6: 39 | K6: 1 | L6: 4 | M6: Γερμανία + Ρουμανία (επίγειες ομάδες) | P6: 3500 | S6: οριοθετήθηκε | T6: καύσωνας / παρατεταμένη ξηρασία (θερμοκρασίες ~40°C) | V6: https://europeanwesternbalkans.com/2026/08/25/eu-firefighters-helped-battle-the-wildfires-in-deliblato-sands-over-the-weekend/ ; https://www.aljazeera.com/news/2026/8/24/eu-russian-aircraft-help-serbia-battle-wildfires ; https://balk.hu/2026/08/23/deliblato-sands-wildfire/ ; https://www.srbija.gov.rs/vest/en/284803/three-fire-hotspots-remain-active-in-deliblato-sands.php ; https://vreme.com/en/drustvo/deliblatska-pescara-pozar-vatrogasci/ | W6: Πρώτη ανίχνευση 21 Ιουλίου 2026· Μηχανισμός Πολιτικής Προστασίας ΕΕ ενεργοποιήθηκε 22-25/08· 4 ελικόπτερα Ρουμανία/Τσεχία/Σλοβακία + 124 επίγειο προσωπικό Γερμανία/Ρουμανία· ΦΔΠ Δελιβλάτου (Natura 2000) | Πυρκαγιά εκδηλώθηκε αρχικά 21/07/2026, επανέφλεξε πολλές φορές λόγω ισχυρών ανέμων. Ενεργοποίηση Μηχανισμού Πολιτικής Προστασίας ΕΕ (21/08/2026). Γερμανία: 55 πυροσβέστες + 24 οχήματα, Ρουμανία: 69 πυροσβέστες + 15 οχήματα = 124 σύνολο / 39 οχήματα. 4 ελικόπτερα Black Hawk (rescEU: ×1 Ρουμανία, ×2 Τσεχία, ×1 Σλοβακία). Ρωσικό IL-76 (42t χωρητικότητα νερού, aircraft=1). >3.500 ha ως 25/08 (αθροιστικά από 21/07 πιθανώς 9.000+ ha κατά balk.hu). | X6: 2026-08-30
A7: 46256 | E7: Σερβία (πολλαπλές εστίες) | F7: Σερβία | I7: 400 | K7: 1 | L7: 4 | P7: 3500 | S7: σε εξέλιξη | T7: Ακραία ξηρασία και καύσωνας | V7: https://www.aljazeera.com/news/2026/8/24/eu-russian-aircraft-help-serbia-battle-wildfires ; https://civil-protection-humanitarian-aid.ec.europa.eu/news-stories/news/eu-sends-urgent-support-serbia-wildfires-intensify-2026-08-24_en ; https://mapping.emergency.copernicus.eu/news/wildfire-in-serbia-emsr914/ | W7: Μηχανισμός Πολιτικής Προστασίας ΕΕ ανέπτυξε αεροσκάφη και πυροσβέστες. Ευρωπαϊκά και ρωσικά αεροσκάφη. Ενεργό 22–25 Αυγ 2026. Στατιστικά ΕΕ (25/8/2026): 1.780 συνολικές πυρκαγιές, 462 στην Ιταλία. | ΕΕ Μηχανισμός Πολιτικής Προστασίας ανέπτυξε αεροσκάφη και πυροσβέστες 22–25 Αυγ. Ρωσικά αεροσκάφη επίσης συνέδραμαν. | Ο Μηχανισμός Πολιτικής Προστασίας ΕΕ ανέπτυξε αεροσκάφη και πυροσβέστες 22–25 Αυγ 2026. Συνδρομή και ρωσικών αεροσκαφών. Στατιστικά ΕΕ (25/8): 1.780 πυρκαγιές συνολικά, 462 στην Ιταλία. | Κύριες εστίες: Deliblatska Pescara (>3.500 ha τεκμηριωμένα, Deliblato μόνο) και Stolovi (ΝΔ Σερβία). Ενεργοποίηση μηχανισμού πολιτικής προστασίας ΕΕ 21/8. ΕΕ: 4 Black Hawk ελικόπτερα (Ρουμανία/Σλοβακία/Τσεχία). Ρωσία: 1 Ilyushin Il-76 (168 τόνοι νερού σε μία ημέρα). Χερσαίες ομάδες από Γερμανία και Ρουμανία. Οι 400+ άνθρωποι αφορούν Deliblatska Pescara. | X7: 2026-08-27
A8: 46255 | E8: Deliblato Sands (Δελίβλατο) | F8: Vojvodina, Σερβία (Δήμος Μπέλα Τσέρκβα) | H8: Bela Crkva | I8: 124 | L8: 4 | M8: Γερμανία, Ρουμανία (124 επίγειο προσωπικό) | S8: σε εξέλιξη | V8: https://europeanwesternbalkans.com/2026/08/25/eu-firefighters-helped-battle-the-wildfires-in-deliblato-sands-over-the-weekend/ ; https://www.aljazeera.com/news/2026/8/24/eu-russian-aircraft-help-serbia-battle-wildfires | W8: Πρώτη ανίχνευση 21 Ιουλίου 2026. Ενεργοποίηση Μηχανισμού Πολιτικής Προστασίας ΕΕ με 4 ελικόπτερα (Ρουμανία, Τσεχία, Σλοβακία) + 124 πεζοί πυροσβέστες. Αναφορά ΕΕ 25 Αυγ. 2026. | X8: 2026-08-28
A9: 46252 | C9: 15:30 | E9: San Juan de la Peña y Monte Oroel, Αραγόν | F9: Ισπανία — Αραγόν | H9: San Juan de la Peña y Monte Oroel | I9: 1000 | K9: 40 | O9: 100 Γάλλοι πυροσβέστες (ενισχύσεις) | P9: 17500 | S9: υπό έλεγχο | T9: εμπρησμός — σύλληψη υπόπτου από Guardia Civil | V9: https://gr.euronews.com/video/2026/08/18/spain-and-france-battle-wildfires-as-17000-hectares-burn-in-aragon ; https://www.innovationnewsnetwork.com/eu-strengthens-wildfire-response-as-fires-spread-across-europe/72836/ ; https://www.thelocal.es/20260816/spains-aragon-sends-largest-deployment-against-wildfire ; https://www.arabnews.com/node/2654876/world ; https://www.techtimes.com/articles/324676/20260817/aragon-wildfire-claims-spanish-soldiers-life-dangerous-drying-returns-monday.htm ; https://www.theolivepress.es/spain-news/2026/08/14/spain-wildfire-surrounds-san-juan-de-la-pena-monasteries-in-aragon/ ; https://www.spainenglish.com/2026/08/14/spain-evacuates-remains-of-medieval-kings-as-wildfire-threatens-historic-aragon-monastery/ ; https://www.euronews.com/video/2026/08/18/spain-and-france-battle-wildfires-as-17000-hectares-burn-in-aragon ; https://www.yahoo.com/news/world/articles/spain-france-battle-wildfires-17-081829862.html ; https://www.cp24.com/news/world/2026/08/16/spains-aragon-sends-largest-deployment-against-wildfire-threatening-1000-year-old-monastery/ ; https://www.infobae.com/espana/2026/08/18/el-incendio-de-las-penas-de-riglos-huesca-entra-en-una-fase-favorable-tras-afectar-a-17500-hectareas-y-el-gobierno-de-aragon-prepara-el-retorno-de-los-evacuados/ ; https://www.infobae.com/espana/agencias/2026/08/21/vuelven-los-ultimos-74-vecinos-evacuados-por-el-incendio-de-riglos-huesca-ya-controlado/ ; https://www.france24.com/en/live-news/20260816-spanish-soldier-dies-in-aragon-wildfire-regional-leader ; https://www.elconstitucional.es/en/communities/aragon/the-huesca-fire-devastates-some-10000-hectares-and-forces-the-evacuation-of-18-villages-while-threatening-san-juan-pena_7101_102.html ; https://tecnobosque.es/incendio-penas-de-riglos-huesca/ ; https://elpirineoaragones.com/2026/08/21/el-incendio-de-las-penas-de-riglos-a-las-puertas-de-quedar-controlado | W9: 1 νεκρός (Ισπανός στρατιώτης). Γαλλικές δυνάμεις υποστήριξης ανεπτυγμένες. Ενεργή έως 18/8/2026. | Φωτιά ξεκίνησε ~9-12 Αυγούστου 2026· ενεργή στις 18/08. Εκκενώθηκαν >1000 κάτοικοι. 1 νεκρός στρατιωτικός (EMU — Military Emergency Unit). Απειλήθηκε μοναστήρι San Juan de la Peña (~1000 ετών). 100 Γάλλοι πυροσβέστες ενισχύσεις. ~35-40 αεροσκάφη. Μεγαλύτερη ανάπτυξη πυροσβεστικών δυνάμεων στην ιστορία της Αραγόν. | 1 νεκρός (Ισπανός στρατιώτης)· γαλλικές δυνάμεις υποστήριξης ανεπτύχθησαν· ενεργή ως 18/8 | 1 νεκρός Ισπανός στρατιώτης· γαλλικές δυνάμεις υποστήριξης αναπτύχθηκαν· μηχανισμός rescEU ΕΕ ενεργοποιήθηκε | 1 νεκρός (Ισπανός στρατιώτης)· Γαλλικές δυνάμεις υποστήριξης ανεπτύχθησαν· ενεργή έως τουλάχιστον 18/8/2026 | 1 Ισπανός στρατιώτης νεκρός· γαλλικές δυνάμεις υποστήριξης αναπτύχθηκαν· πάνω από 17.000 ha | 1 νεκρός (Ισπανός στρατιώτης)· >1000 εκκενώσεις· απειλή στα 1000-ετή μοναστήρια San Juan de la Peña· τα λείψανα των πρώτων βασιλέων της Αραγόν απομακρύνθηκαν· ενεργοποιήθηκε Μηχανισμός Πολιτικής Προστασίας ΕΕ (rescEU εναέρια μέσα) | 1 νεκρός (Ισπανός στρατιώτης). Ανάπτυξη γαλλικών δυνάμεων υποστήριξης. Πληροφορίες από Yutori email 18/8/2026 (τελευταία γνωστή κατάσταση: ενεργή 18/8/2026). >17.000 ha καμένης έκτασης (=170.000 στρέμματα). ΕΕ: ανάπτυξη εναέριων rescEU μέσω Μηχανισμού Πολιτικής Προστασίας. Έως τέλη Ιουλίου 2026 η καμένη έκταση στην Ευρώπη ήταν 2,5× πάνω από τον εποχικό μέσο όρο. | 1 νεκρός (Ισπανός στρατιώτης)· γαλλικές δυνάμεις υποστήριξης ανεπτυγμένες· rescEU εναέρια μέσα ΕΕ μέσω Μηχανισμού Πολιτικής Προστασίας | Η πυρκαγιά εκδηλώθηκε 10/08/2026 στην περιοχή Las Peñas de Riglos (Huesca). Τέθηκε υπό έλεγχο 20/08/2026 στις 15:30. Νεκρός 1 Ισπανός στρατιώτης (φορτηγό ανετράπη σε χαράδρα, 16/08). Εκκενώθηκαν τα λείψανα βασιλέων Αραγόνα από τη μονή ως προληπτικό μέτρο — η μονή δεν υπέστη ζημιά. Εκκενώθηκαν 18 χωριά. Οι τελευταίοι 74 εκκενωθέντες επέστρεψαν 21/08/2026. | Τελικά 14.500 ha πραγματικά καμένης έκτασης εντός 18.400 ha περιμέτρου (πηγή: Tecnobosque/INFOAR). Ο πλήρης έλεγχος επιτεύχθηκε στις 2026-08-21 στις 15:30 (η αρχική καταγραφή control_time=15:30 αναφερόταν στο Aug 21, όχι στο Aug 18). Δεν βρέθηκε επίσημη ανακοίνωση πλήρους κατάσβεσης. Ίδια πυρκαγιά με Peñas de Riglos/Santa María de la Peña — απείλησε τα Μοναστήρια San Juan de la Peña. Θάνατος ενός στρατιωτικού (ανατροπή οχήματος σε χαράδρα). Εκκένωση 15 οικισμών, ~900 εκτοπισμένοι. | X9: 2026-08-27
A10: 46250 | E10: San Juan de la Peña y Monte Oroel | F10: Αραγόν / Huesca | P10: 17500 | S10: σε εξέλιξη | V10: https://gr.euronews.com/video/2026/08/18/spain-and-france-battle-wildfires-as-17000-hectares-burn-in-aragon ; https://www.france24.com/en/live-news/20260816-spanish-soldier-dies-in-aragon-wildfire-regional-leader ; https://www.techtimes.com/articles/324676/20260817/aragon-wildfire-claims-spanish-soldiers-life-dangerous-drying-returns-monday.htm ; https://www.cp24.com/news/world/2026/08/16/spains-aragon-sends-largest-deployment-against-wildfire-threatening-1000-year-old-monastery/ ; https://www.arabnews.com/node/2654876/world ; https://www.elconstitucional.es/en/communities/aragon/the-huesca-fire-devastates-some-10000-hectares-and-forces-the-evacuation-of-18-villages-while-threatening-san-juan-pena_7101_102.html | W10: 1 νεκρός (Ισπανός στρατιώτης, τροχαίο κατά κατάσβεση). 1.046 εκτοπισμένοι, 18 χωριά εκκενωμένα. Απειλή στο μοναστήρι San Juan de la Peña (10ος αι.) — τα λείψανα των πρώτων βασιλέων Αραγόν διαφυλάχθηκαν. Γαλλικές δυνάμεις ενίσχυσης. 17.500 ha κατά 16/8 21:00. Μεγαλύτερη κινητοποίηση στην ιστορία της Αραγόν. | X10: 2026-08-19
A11: 46250 | C11: 15:30 | E11: San Juan de la Peña y Monte Oroel | F11: Aragón | G11: Huesca | I11: 1000 | K11: 40 | P11: 18244 | S11: υπό έλεγχο | T11: υπό δικαστική διερεύνηση· πιθανή αφετηρία αποθήκη υλικών οδοποιίας Α-132 (Las Peñas de Riglos)· συνελήφθη 28χρονος από Seprona/Guardia Civil | V11: https://gr.euronews.com/video/2026/08/18/spain-and-france-battle-wildfires-as-17000-hectares-burn-in-aragon ; https://www.france24.com/en/live-news/20260816-spanish-soldier-dies-in-aragon-wildfire-regional-leader ; https://www.thelocal.es/20260816/spains-aragon-sends-largest-deployment-against-wildfire ; https://spanienpress.com/rain-gives-firefighters-a-respite-major-wildfire-in-aragon-has-already-affected-17500-hectares/?lang=en ; https://www.eldiario.es/aragon/sociedad/obras-132-rechazo-vecinal-miedo-incendios-senaladas-posible-origen-fuego-riglos_1_13442201.html ; https://www.cp24.com/news/world/2026/08/16/spains-aragon-sends-largest-deployment-against-wildfire-threatening-1000-year-old-monastery/ ; https://www.infobae.com/espana/2026/08/17/el-incendio-de-las-penas-de-riglos-huesca-arrasa-17500-hectareas-y-encara-una-jornada-decisiva-tras-cobrarse-la-vida-de-un-miembro-de-la-ume/ ; https://www.todoalicante.es/english/days-ahead-huesca-wildfire-20260818080822-nt.html ; https://currentwildfires.com/en/fire/wildfire-near-penas-de-riglos-las-es-2026/ ; https://ground.news/article/28-year-old-man-arrested-for-the-fire-in-las-penas-de-riglos ; https://www.democrata.es/en/current-events/28-year-old-man-has-been-arrested-as-the-alleged-responsible-for-the-fire-in-penas-riglos/ ; https://www.telecinco.es/noticias/sociedad/20260821/vuelven-74-ultimos-vecinos-evacuados-incendio-riglos-huesca-controlado_18_019996473.html ; https://www.infobae.com/espana/2026/08/18/el-incendio-de-las-penas-de-riglos-huesca-entra-en-una-fase-favorable-tras-afectar-a-17500-hectareas-y-el-gobierno-de-aragon-prepara-el-retorno-de-los-evacuados/ | W11: Πυρκαγιά εκδηλώθηκε κατά πληροφορίες 2026-08-10 (Las Peñas de Riglos)· 1 νεκρός μέλος UME (τροχαίο στο φαράγγι Atares)· εκκενώθηκαν ~1.046 κάτοικοι από 19 οικισμούς + 2 κάμπινγκ· απειλήθηκε μοναστήρι San Juan de la Peña (1.000+ ετών)· συμμετοχή γαλλικών δυνάμεων· βροχές ~20/08 έδωσαν ανάπαυλα· φάση ευνοϊκή από 18/08 χωρίς επίσημη κατάσβεση | Καμένη έκταση 17.500 ha (προσωρινή επίσημη εκτίμηση στις 17-18/8). Copernicus: ~15.000 ha εντός περιμέτρου. Περίμετρος ~100 km. Νεκρός 1 στρατιωτικός (UME) σε τροχαίο κατά την επιχείρηση. 1.046 κάτοικοι εκκενώθηκαν από 19 οικισμούς. Από 18/8 'φάση ευνοϊκής εξέλιξης' — Κυβέρνηση Αραγώνας προετοίμαζε επιστροφή εκκενωθέντων. Μονές San Juan de la Peña σώθηκαν. Συνελήφθη 28χρονος (Seprona/Guardia Civil). | Μεγαλύτερη κινητοποίηση στην ιστορία της Αραγόνας· 100 Γάλλοι ενισχύσεις· 1 νεκρός στρατιώτης· εκκένωση 18 κοινοτήτων· πυρκαγιά έληξε περ. 20 Αυγούστου 2026 έπειτα από ~10 ημέρες | Πυρκαγιά ξεκίνησε 2026-08-10 στο Las Peñas de Riglos (Α-132). Ελέγχθηκε 2026-08-21 στις 15:30. Επέστρεψαν οι τελευταίοι 74 εκκενωθέντες 21/8. 1.046 κάτοικοι από 19 οικισμούς εκκενώθηκαν συνολικά. Νεκρός 1 στρατιώτης UME (Javier García Sancho, 16/8). Εκτάση 17.500 ha (προσωρινή). Περίμετρος ~100 χλμ. | X11: 2026-08-25
A12: 46249 | B12: 15:50 | C12: 17:45 | D12: 17:45 | E12: Λυσώ, Κύπρος (Ποταμούδες / Μερσινιά) | F12: Επαρχία Πάφου, Κύπρος | I12: 81 | J12: 18 | K12: 9 | M12: 57 Τμήμα Δασών, 12 Πυροσβεστική, 10 Πολιτική Άμυνα, 2 Υπηρεσία Θήρας & Πανίδας | P12: 7 | S12: κατασβέστηκε | T12: υπό διερεύνηση (ύποπτη κακόβουλη ενέργεια) | V12: https://www.facebook.com/DepartmentOfForests/videos/1294397859296624/ ; https://www.taxidromos24.com/2026/08/15/%CF%85%CF%80%CF%8C-%CF%80%CE%BB%CE%AE%CF%81%CE%B7-%CE%AD%CE%BB%CE%B5%CE%B3%CF%87%CE%BF-%CE%B4%CE%B1%CF%83%CE%B9%CE%BA%CE%AD%CF%82-%CF%80%CF%85%CF%81%CE%BA%CE%B1%CE%B3%CE%B9%CE%AD%CF%82-%CF%83%CF%84/ ; https://www.taxidromos24.com/2026/08/16/%CE%B4%CE%B1%CF%83%CE%B9%CE%BA%CE%AD%CF%82-%CF%80%CF%85%CF%81%CE%BA%CE%B1%CE%B3%CE%B9%CE%AD%CF%82-%CF%83%CF%84%CE%B7-%CE%BB%CF%85%CF%83%CE%BF%CF%8D-%CE%B1%CE%BD%CF%84%CE%B9%CE%BC%CE%B5%CF%84%CF%8E%CF%80/ ; https://dialogos.com.cy/neotera-apo-ti-lyso-ypo-elegcho-i-megali-fotia-giati-exetazetai-kakovoyli-energeia/ | W12: Δύο εστίες ~500 μ. απόσταση: Ποταμούδες 15:50, Μερσινιά 17:45· υπό πλήρη έλεγχο και οι δύο από 17:45· ~7 ha· ΠΡΟΣΟΧΗ: Yutori Scout εσφαλμένα ταξινόμησε ως «Κοινότητα Λύσου, Αττική» — η πραγματική τοποθεσία είναι το χωριό Λυσώ (Lyso) Πάφου, Κύπρος (Τμήμα Δασών Κύπρου ως πηγή) | Δυνάμεις ανά φορέα: 57 Τμήμα Δασών (11 οχήματα), 12 Πυροσβεστική (5 οχήματα), 10 Πολιτική Άμυνα (1 όχημα), 2 Τμήμα Θήρας & Πανίδας (1 όχημα). Επιπλέον εξοπλισμός: 6 μπουλντόζες, 2 γεωρ. τρακτέρ, 1 βυτιοφόρο, 1 εκσκαφέας. 9 αεροσκάφη υπό επιχείρηση «Ίκαρος 2». Συντονισμός: Δρ. Σάββας Ιεζεκιήλ. | Επιπλέον βαρύς εξοπλισμός: 6 προωθητές γαιών, 2 γεωργικοί ελκυστήρες, 1 βυτιοφόρο, 1 εκσκαφέας | X12: 2026-08-21
A13: 46249 | B13: 15:50 | C13: 17:45 | E13: Πυρκαγιές Κοινότητας Λύσου | F13: Κύπρος | H13: Λύσος | I13: 81 | J13: 18 | K13: 9 | M13: Τμήμα Δασών (57), Πυροσβεστική Υπηρεσία (12), Πολιτική Άμυνα (10), Υπηρεσία Θήρας & Πανίδας (2) | P13: 7 | S13: κατασβέστηκε | T13: υπό διερεύνηση | V13: https://www.facebook.com/DepartmentOfForests/videos/1294397859296624/ ; https://www.politis.com.cy/politis-news/cyprus/1026344/fotia-sti-liso-tis-pafoy-sti-makhi-tessera-pirosvestika-aeroskafi ; https://typos.com.cy/koinonia/ypo-elegcho-oi-foties-sti-lyso-vlepoun-kakovoyli-energeia/ ; https://dialogos.com.cy/neotera-apo-ti-lyso-ypo-elegcho-i-megali-fotia-giati-exetazetai-kakovoyli-energeia/ | W13: Yutori Scout κατέταξε ως 'Αττική' αλλά τοποθεσία (Λύσος, Ποταμούδες, Μερσίνια) και πηγή (Τμήμα Δασών Κύπρου) υποδηλώνουν Κύπρο. Δύο ξεχωριστές εστίες σε απόσταση ~500μ. Υπό πλήρη έλεγχο 17:45 EEST ίδιας ημέρας. | Δύο εστίες: «Ποταμούδες» (15:50, εντός χρόνου ελέγχου 17:45) και «Μερσινιά» (~17:45, 500μ από πρώτη, ταχεία κατάσβεση). Επίσης 6 προωθητές γαιών, 2 γεωργικοί ελκυστήρες, 1 βυτιοφόρο, 1 εκσκαφέας. Βλάστηση: γεωργική-δασική. | Επιπλέον βαρύς εξοπλισμός: 6 προωθητές γαιών, 2 γεωργικοί ελκυστήρες, 1 βυτιοφόρο, 1 εκσκαφέας | X13: 2026-08-21
A14: 46249 | E14: High Fens (Hautes Fagnes) | F14: Βέλγιο — Επαρχία Λιέγης (σύνορα με Γερμανία) | I14: 500 | J14: 120 | K14: 9 | P14: 3000 | S14: υπό έλεγχο | T14: αγνώστου αιτίας | V14: https://www.france24.com/en/europe/20260816-eu-sends-aircraft-and-villagers-evacuate-as-belgium-battles-record-wildfire ; https://www.euronews.com/my-europe/2026/08/16/europe-continues-to-battle-wildfires-as-belgium-sees-biggest-blaze-in-recorded-history ; https://www.theguardian.com/world/2026/aug/16/greek-island-salamis-belgium-high-fens-helicopters-wildfire ; https://www.rte.ie/news/europe/2026/0820/1588667-belgium-wildfires/ ; https://www.rte.ie/news/europe/2026/0817/1588143-belgium-wildfire/ ; https://news.cgtn.com/news/2026-08-18/Belgium-wildfire-contained-in-accessible-areas-1PHAs4OiuyY/share_amp.html ; https://news.cgtn.com/news/2026-08-18/Belgium-wildfire-contained-in-accessible-areas-1PHAs4OiuyY/p.html | W14: Μεγαλύτερη πυρκαγιά στην ιστορία του Βελγίου (καταγεγραμμένη). Εκκενώσεις χωριών. Αεροπορική υποστήριξη μέσω Μηχανισμού Πολιτικής Προστασίας ΕΕ (rescEU). | Μεγαλύτερη πυρκαγιά στην καταγεγραμμένη ιστορία του Βελγίου. >3.000 ha κατά 16/8. Εκκένωση κατοίκων. Αεροπορική υποστήριξη μέσω Μηχανισμού Πολιτικής Προστασίας ΕΕ (rescEU). | Μεγαλύτερη καταγεγραμμένη πυρκαγιά στην ιστορία Βελγίου (>3.000 ha)· εθνικό πάρκο κοντά σε σύνορα Γερμανίας· αεροπορική υποστήριξη μέσω Μηχανισμού Πολιτικής Προστασίας ΕΕ· ενεργή 15-16/8 | τυρφώνες (peatland)· αεροσκάφη από Γερμανία, Νορβηγία, Βέλγιο, Σουηδία· αναμένονται εβδομάδες/μήνες ποτίσματος για αποφυγή επανάναμματος | Αιχμή δυνάμεων (18/08/2026): ~500 προσωπικό, >120 οχήματα, 9 εναέρια πολλαπλών εθνών μέσω EU ERCC. Στις 20/08/2026 η πυρκαγιά κηρύχθηκε «πλήρως υπό έλεγχο» από τοπικό κυβερνήτη· ~350 προσωπικό παρέμειναν για αποτροπή αναζωπυρώσεων. Ολοκλήρωση πλήρους κατάσβεσης αναμένεται σε εβδομάδες/μήνες. | X14: 2026-08-23
A15: 46249 | E15: Βόρεια Ρηνανία-Βεστφαλία (NRW) | F15: Βόρεια Ρηνανία-Βεστφαλία, Γερμανία | H15: Hürtgenwald (Gey) | I15: 1800 | L15: 4 | P15: 300 | S15: κατασβέστηκε | T15: αγνώστου αιτίας (υπό αστυνομική διερεύνηση) | V15: https://www.dw.com/en/wildfire-forces-evacuations-as-germanys-heat-wave-persists/video-78378992 ; https://english.news.cn/20260815/8c8452b3cf0d4a029d740fa014ccc307/c.html ; https://mapping.emergency.copernicus.eu/news/forest-fire-in-huertgen-forest-germany-emsr920/ ; https://www.wikidata.org/wiki/Q141067662 ; https://de.wikipedia.org/wiki/Waldbrand_im_H%C3%BCrtgenwald_2026 ; https://www.kreis-dueren.de/presse/krise-feuer-in-huertgenwald_2026-08-14.php ; https://www.newsworm.de/news/hurtgenwald-forest-fire-gey-evacuation-lifted-no-homes-lost ; https://uk.news.yahoo.com/germany-news-wildfire-forces-evacuations-073500890.html | W15: Εκκενώσεις ~2.000 κατοίκων τη νύχτα 14-15/08. Ακραία ζέστη + κίνδυνος από ανεξερεύνητες βόμβες WWII σε δασικές ζώνες. Ενεργή κατά τη δημοσίευση (15/08). | Πραγματική τοποθεσία: Hürtgenwald (Gey), Kreis Düren. Έναρξη 13/8/2026. Εκκενώθηκαν ~1.800 κάτοικοι. 5 τραυματίες. Επιπλοκές λόγω ανεκπυρσοκρότητων πυρομαχικών Β΄ ΠΠ. Μεγαλύτερη δασική πυρκαγιά στην ιστορία της ΒΡΒ. Copernicus EMSR920 ενεργοποιήθηκε. | μεγαλύτερη πυρκαγιά NRW από το 1991· εκκένωση ~1.800 κατοίκων Gey (νύχτα 13-14/8)· ανεκπλήκτα πολεμικά πυρομαχικά WWII παρεμπόδισαν κατάσβεση· ελικόπτερα Bundeswehr: 2× NH-90 + 2× CH-53 + πρόσθετα πυροσβεστικά· 5 τραυματίες | Εκκένωση Gey αποχωρίστηκε βράδυ 15/8 – κάτοικοι επέστρεψαν. Επίσημη κατάσβεση 21/8/2026 (Wikipedia DE). Τομείς εντός της καμένης ζώνης παρέμειναν απρόσιτοι λόγω ανεκτόδοτων WWII (Μάχη Hürtgenwald). | X15: 2026-08-23
